식품명,식품대분류명,식품중분류명,100g당 에너지(kcal),단백질(g),지방(g),탄수화물(g)
꽃게탕,main dish,찌개 및 전골류,17,1.86,0.41,1.44
낙지전골,main dish,찌개 및 전골류,51,6.5,1.14,3.72
동태국,main dish,찌개 및 전골류,17,2.42,0.16,1.4
동태찌개,main dish,찌개 및 전골류,44,6.11,1.37,1.72
돼지고기찌개,main dish,찌개 및 전골류,48,6.25,1.51,2.26
된장찌개,main dish,찌개 및 전골류,46,3.38,1.63,4.44
된장찌개_냉이,main dish,찌개 및 전골류,19,1.17,0.31,2.91
된장찌개_달래,main dish,찌개 및 전골류,35,3.18,0.79,3.81
된장찌개_두부,main dish,찌개 및 전골류,41,3.25,1.96,2.56
된장찌개_바지락,main dish,찌개 및 전골류,23,2.88,0.72,1.18
두부찌개_고추장,main dish,찌개 및 전골류,52,4.01,2.63,3.18
두부찌개_소고기_고추장,main dish,찌개 및 전골류,58,4.56,1.42,6.73
두부찌개_소고기_된장,main dish,찌개 및 전골류,55,5.71,1.98,3.5
매운탕_대구,main dish,찌개 및 전골류,22,4.49,0.4,0.19
매운탕_해물,main dish,찌개 및 전골류,35,4.85,0.64,2.51
버섯전골,main dish,찌개 및 전골류,78,5.14,4.24,4.78
부대찌개,main dish,찌개 및 전골류,123,5.86,6.49,10.27
샤브샤브_버섯,main dish,찌개 및 전골류,30,3.88,0.9,1.57
가지나물,side dish,나물·숙채류,36,1.42,1.5,4.18
고구마줄기나물,side dish,나물·숙채류,83,0.98,7,4.1
고사리나물무침,side dish,나물·숙채류,90,3.78,5.52,6.28
고춧잎나물무침,side dish,나물·숙채류,88,4.41,4.69,7.14
깻잎나물,side dish,나물·숙채류,78,2.68,5.18,5.04
냉이나물,side dish,나물·숙채류,111,5.02,3.07,15.7
도라지나물무침,side dish,나물·숙채류,130,2.48,7.52,13.12
돌나물무침,side dish,나물·숙채류,69,1.66,3.18,8.3
머위대나물무침,side dish,나물·숙채류,58,3.96,2.56,4.76
무나물무침,side dish,나물·숙채류,21,0.62,0.46,3.64
방풍나물무침,side dish,나물·숙채류,76,4.39,1.73,10.74
배추나물,side dish,나물·숙채류,61,2.01,2.19,8.45
비름나물무침,side dish,나물·숙채류,73,3.46,4.05,5.7
버섯조림,side dish,조림류,60,4.38,2,6.23
병어조림,side dish,조림류,112,12.46,4.78,4.87
삼치조림,side dish,조림류,125,15.88,5.63,2.61
양미리조림,side dish,조림류,65,5.76,0.66,9.09
어묵조림,side dish,조림류,159,5.83,4.73,23.16
연근조림,side dish,조림류,174,2.68,5.1,29.42
오징어조림,side dish,조림류,137,16.55,2.37,12.45
오징어채조림,side dish,조림류,240,23.52,4.9,25.36
우엉조림,side dish,조림류,188,4.8,3.33,34.8
장조림_달걀,side dish,조림류,138,9.85,7.12,8.67
장조림_메추리알,side dish,조림류,203,14.25,13.41,6.3
장조림_소고기,side dish,조림류,69,10.41,0.86,4.84
장조림_소고기_메추리알,side dish,조림류,157,11.69,5.39,15.56
쥐포조림,side dish,조림류,276,13.03,8.86,36.12
코다리조림,side dish,조림류,86,16.46,0.4,4.16
콩조림(콩자반),side dish,조림류,281,17.97,7.73,34.83
잔멸치볶음_홍고추_풋고추,side dish,볶음류,228,33.28,8,5.72
잡채,side dish,볶음류,146,4.71,3.3,24.26
잡채_어묵,side dish,볶음류,148,2.34,3.78,26.13
잡채_콩나물,side dish,볶음류,67,1.93,0.97,12.55
죽순볶음_소고기,side dish,볶음류,120,13.68,5.59,3.78
팔보채,side dish,볶음류,90,12.42,2.9,3.42
풋고추볶음,side dish,볶음류,70,1.93,3.23,8.25
햄볶음_채소,side dish,볶음류,183,10.47,11.37,9.6
감자조림,side dish,조림류,114,2.4,3.52,18.1
고등어조림,side dish,조림류,141,11.25,8.84,4.1
꽁치조림,side dish,조림류,244,15.52,17.87,5.14
닭볶음탕,side dish,조림류,111,11.91,3.22,8.52
닭조림,side dish,조림류,197,18.03,10.9,6.57
닭조림_고추장,side dish,조림류,152,9.12,6.94,13.25
두부조림,side dish,조림류,143,9.64,9.66,4.4
땅콩조림,side dish,조림류,483,18.75,36.4,19.95
멸치조림,side dish,조림류,318,40.92,13.22,8.93
무조림,side dish,조림류,48,2.26,2.38,4.29
미트볼조림,side dish,조림류,221,18.15,10.73,12.95
버섯볶음_느타리,side dish,볶음류,94,2.8,6.2,6.78
버섯볶음_새송이버섯,side dish,볶음류,121,2.95,8.03,9.29
브로콜리볶음,side dish,볶음류,51,4.42,1.28,5.53
삼겹살볶음_묵은지김치,side dish,볶음류,151,5.76,10.49,8.4
새우볶음,side dish,볶음류,83,9.91,2.21,5.96
소고기볶음_고추장,side dish,볶음류,197,14.36,10.79,10.7
소고기볶음_버섯,side dish,볶음류,144,11.59,7.73,6.92
소고기볶음_채소,side dish,볶음류,126,12.8,5.4,6.44
소시지볶음,side dish,볶음류,280,11.94,19.38,14.41
애호박볶음,side dish,볶음류,59,1.32,3.62,5.3
양파볶음,side dish,볶음류,56,0.99,1.54,9.51
어묵볶음,side dish,볶음류,197,8.41,7.29,24.33
어묵볶음_채소,side dish,볶음류,152,6.33,6.41,17.2
오징어볶음,side dish,볶음류,128,9.85,6.52,7.43
유산슬,side dish,볶음류,86,7.54,4.4,4.1
잔멸치볶음_견과류,side dish,볶음류,388,24.34,22.22,22.64
잔멸치볶음_꽈리고추,side dish,볶음류,293,24.78,17.48,9.24
잔멸치볶음_풋고추,side dish,볶음류,256,28.24,8.32,16.94
닭볶음(닭갈비)_닭가슴살_피망,side dish,볶음류,122,16.39,5.65,1.38
당근볶음,side dish,볶음류,95,0.93,6.63,7.79
돼지고기볶음_김치,side dish,볶음류,161,11.81,10.05,5.93
돼지고기볶음_채소,side dish,볶음류,169,16.57,7.59,8.63
돼지고기볶음(제육볶음),side dish,볶음류,195,12.15,14.19,4.73
떡볶이,side dish,볶음류,144,3.51,2.96,25.96
떡볶이_채소,side dish,볶음류,258,3.12,1.88,57.06
라볶이,side dish,볶음류,134,2.83,4.71,20.14
마늘쫑볶음,side dish,볶음류,89,3.25,2.54,13.17
마늘쫑볶음_멸치,side dish,볶음류,117,7.54,2.78,15.42
마파두부,side dish,볶음류,109,7.29,6.48,5.36
멸치볶음,side dish,볶음류,276,39.44,7.08,13.62
멸치볶음_견과류,side dish,볶음류,414,30.4,24.32,18.36
멸치볶음_꽈리고추,side dish,볶음류,253,23.62,14.08,7.96
멸치볶음_마늘쫑,side dish,볶음류,277,32.4,10.84,12.42
멸치볶음_풋고추,side dish,볶음류,190,20.62,6,13.3
문어볶음_고추장,side dish,볶음류,88,10.97,1.02,8.62
미역줄기볶음,side dish,볶음류,77,0.96,5.95,4.85
감자볶음,side dish,볶음류,100,1.75,4.84,12.41
감자볶음_채소,side dish,볶음류,108,2.04,5.22,13.1
건새우볶음,side dish,볶음류,304,41.55,12.95,5.4
곱창볶음_돼지고기,side dish,볶음류,130,7.23,3,18.52
김치볶음,side dish,볶음류,106,1.38,7.94,7.27
김치볶음_참치,side dish,볶음류,122,8.33,6.68,7.12
낙지볶음,side dish,볶음류,91,5.77,3.77,8.6
닭발볶음,side dish,볶음류,186,13.8,9.38,11.72
닭볶음(닭갈비),side dish,볶음류,186,13.98,10.96,7.93
장어구이_고추장,main dish,구이류,259,19.82,17.21,6.18
조개구이_키조개,main dish,구이류,130,17.43,2.07,10.44
조기구이,main dish,구이류,177,19.33,10.86,0.44
참치구이_머리,main dish,구이류,193,26.56,8.98,1.4
치킨데리야끼,main dish,구이류,208,16.54,9.01,15.21
함박스테이크,main dish,구이류,174,12.1,10.73,7.19
꼬치구이_닭고기_대파,main dish,구이류,245,17.85,14.7,10.35
닭구이,main dish,구이류,257,26.21,13.39,7.8
닭발구이,main dish,구이류,196,18.15,9.41,9.7
떡갈비,main dish,구이류,202,21.38,11.82,2.46
런천미트구이,main dish,구이류,303,17.56,24.38,3.27
뱅어포구이,main dish,구이류,374,34.37,15.17,25.07
버섯구이,main dish,구이류,52,5.16,1.38,4.78
버섯구이_새송이버섯,main dish,구이류,84,4.29,2.21,11.66
버섯구이표고버섯,main dish,구이류,100,4.34,1.06,18.14
삼겹살구이,main dish,구이류,467,22.56,41.69,0.35
삼겹살구이_고추장,main dish,구이류,403,14.21,32.83,12.63
삼치구이,main dish,구이류,178,21.42,9.57,1.45
새우구이,main dish,구이류,145,23.41,4.44,2.82
소불고기,main dish,구이류,170,16.41,9.66,4.26
스테이크_소등심,main dish,구이류,194,30.22,8.07,0.14
스테이크_소안심,main dish,구이류,183,34.82,4.83,0.13
오리고기구이,main dish,구이류,293,24.06,19.7,4.89
오리불고기,main dish,구이류,145,6.75,9.05,9.05
달걀찜_우유,main dish,찜류,105,8.23,6.31,3.8
닭찜,main dish,찜류,107,12.37,6.09,0.6
돼지갈비찜,main dish,찜류,194,13.29,12.32,7.44
사태찜_소고기,main dish,찜류,110,12.1,5.17,3.67
수육_소고기,main dish,찜류,166,28.43,4.94,2.04
순대,main dish,찜류,187,2.75,3.64,35.73
아귀찜,main dish,찜류,84,6.72,3.13,7.26
애호박찜,main dish,찜류,181,9.5,6.48,21.18
옥수수_찐옥수수,main dish,찜류,185,6.68,2.42,34.2
족발,main dish,찜류,233,26.04,13.91,0.93
코다리찜,main dish,찜류,94,14.49,1.35,6.08
콩나물찜_해물,main dish,찜류,56,6.67,1.01,4.97
풋고추찜,main dish,찜류,51,2.31,0.99,8.27
가자미구이,main dish,구이류,123,18.7,5.02,0.66
갈비구이_소고기,main dish,구이류,241,25.91,14.55,1.59
갈치구이_기름,main dish,구이류,138,21.54,5.48,0.6
고등어구이_석쇠,main dish,구이류,340,23.38,25.69,3.79
곱창구이_소고기,main dish,구이류,184,14.89,11.73,4.71
김구이_조미김,main dish,구이류,470,20.4,30.2,29
샤브샤브_소고기,main dish,찌개 및 전골류,43,5.38,1.62,1.8
소고기전골,main dish,찌개 및 전골류,63,7.89,3.24,0.46
순두부찌개_김치,main dish,찌개 및 전골류,35,2.98,1.59,2.17
알탕,main dish,찌개 및 전골류,39,6.37,0.74,1.74
오리백숙,main dish,찌개 및 전골류,112,10.59,7.5,0.5
오리탕,main dish,찌개 및 전골류,121,9.5,6.56,6.08
오징어찌개,main dish,찌개 및 전골류,34,3.3,0.22,4.77
청국장찌개,main dish,찌개 및 전골류,47,5.03,2.11,1.92
추어탕,main dish,찌개 및 전골류,54,3.24,3.18,3.07
콩비지찌개,main dish,찌개 및 전골류,69,6.74,3.08,3.57
호박찌개_고추장,main dish,찌개 및 전골류,41,2.08,0.99,5.96
고구마_찐고구마,main dish,찜류,139,1.67,0.24,32.47
가오리찜,main dish,찜류,102,21.99,1.39,0.46
갈비찜_소고기,main dish,찜류,85,7.25,3.17,6.95
감자_찐감자,main dish,찜류,70,2.16,0.16,15.01
깻잎찜,main dish,찜류,97,5.21,5.86,5.96
꼬막찜,main dish,찜류,96,12.03,2.28,6.97
꽈리고추찜,main dish,찜류,104,3.59,2.09,17.69
달걀찜_새우젓,main dish,찜류,58,4.98,4.04,0.47
리소토/리조또_치킨 크림 리조또,main dish,밥류,185,6.22,0,0
볶음밥_갈비천왕 치즈치밥,main dish,밥류,208,10.97,0,22.04
볶음밥_달걀듬뿍볶음밥,main dish,밥류,170,5.38,0,0
볶음밥_닭갈비볶음밥,main dish,밥류,180,5,0,0
볶음밥_볼케이노 치즈치밥,main dish,밥류,198,12.81,0,20.66
볶음밥_의성마늘볶음밥,main dish,밥류,199,3.41,0,0
오므라이스_수플레 오믈렛 라이스,main dish,밥류,167,4.94,0,0
주먹밥_까르보나라 구운주먹밥,main dish,밥류,211,6,0,0
주먹밥_매콤 로제 구운주먹밥,main dish,밥류,209,5,0,0
미숫가루,snack,차류,70,2.08,2.27,10.42
육회,side dish,수·조·어·육류,130,9.93,6.43,8.12
리소토/리조또_스파이시 씨푸드 리조또,main dish,밥류,148,5.81,0,0
오징어무침_채소,side dish,생채·무침류,62,5.85,0.93,7.6
오징어채무침,side dish,생채·무침류,258,23.6,5.53,28.41
톳나물무침,side dish,생채·무침류,75,1.87,2.09,12.28
파래무침,side dish,생채·무침류,49,3.53,1.7,4.97
파무침,side dish,생채·무침류,71,2.25,2.81,9.08
풋고추된장무침_풋고추,side dish,생채·무침류,124,2.37,7.35,12
풋마늘무침,side dish,생채·무침류,71,4.14,1.04,11.27
피조개무침,side dish,생채·무침류,52,4.71,0.95,6.07
해초무침,side dish,생채·무침류,39,0.95,0.16,8.52
회무침,side dish,생채·무침류,82,8.09,1.65,8.6
회무침_가오리,side dish,생채·무침류,81,11.33,1.16,6.35
민들레잎무침,side dish,생채·무침류,81,2.69,2.33,12.32
버섯무침_느타리버섯,side dish,생채·무침류,59,2.74,3.77,3.44
부추무침,side dish,생채·무침류,92,3.5,5.92,6.25
부추무침_양파,side dish,생채·무침류,44,1.83,1.07,6.81
북어채무침,side dish,생채·무침류,188,28.4,2.91,12.05
샐러드_감자,side dish,생채·무침류,126,1.31,7.99,12.25
샐러드_단호박,side dish,생채·무침류,162,1.48,8.97,18.77
샐러드_닭가슴살,side dish,생채·무침류,135,7.17,9.49,5.36
샐러드_새싹,side dish,생채·무침류,74,2.77,4.81,4.96
샐러드_양배추,side dish,생채·무침류,150,2.69,11.71,8.47
샐러드_양상추,side dish,생채·무침류,126,4.91,10.3,3.42
샐러드_옥수수,side dish,생채·무침류,166,1.96,11.94,12.68
샐러드_참치,side dish,생채·무침류,151,10.82,8.65,7.52
샐러드_채소,side dish,생채·무침류,145,1.16,13.35,5.1
양장피,side dish,생채·무침류,133,7.3,6.63,10.95
오이무침_부추,side dish,생채·무침류,31,1.95,0.39,5.01
오이생채,side dish,생채·무침류,69,1.78,2.9,8.96
오이지무침,side dish,생채·무침류,52,0.96,3.51,4.21
겉절이_치커리,side dish,생채·무침류,56,1.49,3.65,4.4
골뱅이무침_소면,side dish,생채·무침류,109,5.01,1.47,18.91
굴무침,side dish,생채·무침류,77,6.68,2.31,7.3
김무침,side dish,생채·무침류,259,21.17,10.73,19.33
낙지무침,side dish,생채·무침류,77,12.41,1.24,3.96
냉채_닭고기,side dish,생채·무침류,90,13.08,1.95,5
다시마무침,side dish,생채·무침류,48,2.57,1.18,6.8
달래무침,side dish,생채·무침류,63,2.92,3.02,6.07
도라지생채,side dish,생채·무침류,77,2.06,0.51,16.15
두릅무침_초고추장,side dish,생채·무침류,67,2.16,3.01,7.89
마늘쫑무침,side dish,생채·무침류,106,2.73,4.93,12.77
무말랭이무침,side dish,생채·무침류,121,4.2,1.55,22.5
무생채,side dish,생채·무침류,49,2.43,1.11,7.33
무생채_굴,side dish,생채·무침류,50,3.68,1.26,5.92
묵무침_도토리묵,side dish,생채·무침류,74,0.93,2.95,10.92
물회_오징어,side dish,생채·무침류,49,6.19,1.2,3.26
미나리무침,side dish,생채·무침류,46,1.31,2.13,5.41
미역초무침,side dish,생채·무침류,35,1.18,1.02,5.24
숙주나물,side dish,나물·숙채류,35,2.22,1.58,2.96
시금치나물,side dish,나물·숙채류,69,3.74,4.46,3.36
시래기나물무침,side dish,나물·숙채류,114,4.32,7.28,7.74
씀바귀나물무침,side dish,나물·숙채류,97,3.87,1.73,16.57
열무나물,side dish,나물·숙채류,82,3.91,5.3,4.76
열무나물_된장,side dish,나물·숙채류,68,3.71,4.09,4.09
유채나물,side dish,나물·숙채류,96,5.8,4.6,7.82
참나물,side dish,나물·숙채류,60,2.51,3.69,4.14
취나물_된장,side dish,나물·숙채류,44,3.08,1.66,4.12
취나물_취나물(마른것),side dish,나물·숙채류,89,3.62,5.4,6.4
콩나물무침,side dish,나물·숙채류,69,3.86,4.54,3.2
콩나물무침_고춧가루,side dish,나물·숙채류,93,3.93,5.93,5.93
토란대나물무침,side dish,나물·숙채류,68,5.14,3.38,4.22
호박오가리나물무침,side dish,나물·숙채류,201,6.14,10.01,21.46
가죽나물무침,side dish,생채·무침류,76,5.83,1.35,10.05
겉절이_배추,side dish,생채·무침류,55,2.28,2.14,6.58
겉절이_상추,side dish,생채·무침류,61,2.36,3.41,5.26
겉절이_열무,side dish,생채·무침류,58,2.4,2.94,5.38
콩밥_완두콩,main dish,밥류,138,2.95,0.16,31.25
우롱차_우롱티 핫(HOT) (J),snack,차류,1,0,0,0
스프_트러플 머쉬룸 수프볼,main dish,죽 및 스프류,178,5.52,0,0
스프_트러플 머쉬룸 수프,main dish,죽 및 스프류,93,1.67,0,0
어묵국(어묵탕)_츠쿠네어묵탕,main dish,국 및 탕류,63,5.2,0,0
닭다리구이_자메이카 통다리구이,main dish,구이류,201,20.6,0,0
닭다리구이_자메이카 통다리구이 (반마리),main dish,구이류,201,20.6,0,0
닭발구이_불닭발,main dish,구이류,235,17,0,17
닭발구이_한입쏙직화닭발,main dish,구이류,148,11.88,0,0
돼지갈비구이_폭립,main dish,구이류,295,24.03,0,7.31
스테이크_닭다리살 스테이크 극한왕갈비맛 (1개),main dish,구이류,234,13.48,0,0
스테이크_닭다리살 스테이크 통다리바비큐맛 (1개),main dish,구이류,230,13.32,0,0
감자그라탕_치즈만난감자그라탕,main dish,구이류,341,10.91,0,0
샐러드_스모크&수비드 치킨 샐러드,side dish,생채·무침류,123,12.23,5.85,5.32
샐러드_웜 그레인 보울 밀 박스,side dish,생채·무침류,155,5.42,0,0
샐러드_치킨텐더 샐러드,side dish,생채·무침류,133,7.76,0,0
샐러드_콥 & 화이트 샐러드 밀 박스,side dish,생채·무침류,107,8.11,0,0
샐러드_토마토칠리핫도그샐러드박스,side dish,생채·무침류,194,6.41,0,0
샐러드_트리플 치즈 샐러드,side dish,생채·무침류,164,5.91,8.71,15.27
샐러드_팟타이 두부면 보울 밀 박스,side dish,생채·무침류,143,8,0,0
샐러드_프레시리코타치즈샐러드,side dish,생채·무침류,167,5.42,0,0
샐러드_과일리코타샐러드,side dish,생채·무침류,111,3.2,5.8,11.4
샐러드_멕시칸치킨샐러드,side dish,생채·무침류,134,8.92,0,0
샐러드_샐러드,side dish,생채·무침류,15,1,0,0
샐러드_스파이시쉬림프샐러드,side dish,생채·무침류,109,7.35,0,0
샐러드_시저치킨샐러드,side dish,생채·무침류,126,15,6.4,2.2
샐러드_오렌지 그릴치킨샐러드,side dish,생채·무침류,71,5.29,0,0
샐러드_치킨콥샐러드,side dish,생채·무침류,124,5.8,8.4,6.4
샐러드_콥샐러드,side dish,생채·무침류,120,6.93,0,0
샐러드_포테이토&튜나 샐러드,side dish,생채·무침류,174,4.41,0,0
샐러드_과카몰리치킨샐러드,side dish,생채·무침류,94,4.15,0,0
샐러드_그릴드 치킨 샐러드,side dish,생채·무침류,99,6.4,0,0
샐러드_그릴드치킨 시저 샐러드,side dish,생채·무침류,104,7.49,0,0
샐러드_그릴드치킨샐러드,side dish,생채·무침류,60,7.25,0,0
샐러드_더블 에그 샐러드 밀 박스,side dish,생채·무침류,128,9.23,0,0
샐러드_두부포케샐러드,side dish,생채·무침류,102,3.52,0,0
샐러드_라자냐 & 베지터블 밀 박스,side dish,생채·무침류,131,4.13,0,0
샐러드_맥앤치즈핫도그샐러드박스,side dish,생채·무침류,194,5.98,0,0
샐러드_쉬림프&트러플파스타 샐러드,side dish,생채·무침류,75,4.92,0,0
샐러드_쉬림프에그샐러드,side dish,생채·무침류,83,6.92,0,0
닭죽,main dish,죽 및 스프류,44,2.68,0.57,7.14
스프_양송이버섯,main dish,죽 및 스프류,105,2.41,7.04,8.06
오리죽,main dish,죽 및 스프류,155,7.5,4.99,19.95
전복죽,main dish,죽 및 스프류,79,1.82,3.73,9.62
채소죽,main dish,죽 및 스프류,43,1.69,0.69,7.62
팥죽,main dish,죽 및 스프류,81,3.17,0.19,16.66
호박죽,main dish,죽 및 스프류,49,1.93,1.71,6.58
흑임자죽,main dish,죽 및 스프류,61,1.1,4.73,3.64
갈비탕,main dish,국 및 탕류,54,8.51,2.06,0.4
감자국,main dish,국 및 탕류,21,0.9,0.26,3.67
곰탕,main dish,국 및 탕류,24,3.43,1.12,0.11
곰탕_우거지,main dish,국 및 탕류,25,2.37,0.6,2.6
굴국_무,main dish,국 및 탕류,25,2.41,0.36,2.93
김치국,main dish,국 및 탕류,23,1.34,0.76,2.63
김치국_콩나물,main dish,국 및 탕류,12,0.82,0.47,1.15
내장탕,main dish,국 및 탕류,71,5.82,4.52,1.68
냉국_미역,main dish,국 및 탕류,37,0.19,0.67,7.51
냉국_미역_오이,main dish,국 및 탕류,6,0.37,0.15,0.85
달걀국,main dish,국 및 탕류,13,0.93,0.74,0.69
달걀탕_순두부,main dish,국 및 탕류,29,1.78,2.04,0.94
닭곰탕,main dish,국 및 탕류,51,7.51,1.42,2
도가니탕,main dish,국 및 탕류,40,8.35,0.33,0.82
된장국_감자,main dish,국 및 탕류,25,1.09,0.6,3.7
된장국_냉이,main dish,국 및 탕류,22,1.71,0.66,2.2
된장국_미역,main dish,국 및 탕류,24,1.56,0.97,2.28
된장국_배추,main dish,국 및 탕류,20,1.46,0.4,2.58
된장국_시금치,main dish,국 및 탕류,9,1.02,0.17,0.98
된장국_시래기,main dish,국 및 탕류,15,1.31,0.22,2.03
된장국_쑥,main dish,국 및 탕류,15,1.22,0.47,1.52
된장국_아욱,main dish,국 및 탕류,20,2.28,0.56,1.59
된장국_얼갈이배추,main dish,국 및 탕류,9,0.5,0.41,0.85
된장국_우거지,main dish,국 및 탕류,20,2.77,0.59,0.82
된장국_콩나물,main dish,국 및 탕류,31,2.58,1.11,2.62
된장국_해물,main dish,국 및 탕류,28,2.1,0.98,2.68
된장국_호박,main dish,국 및 탕류,31,3.34,1.31,1.41
된장국_호박잎,main dish,국 및 탕류,7,0.4,0.32,0.54
무국_소고기,main dish,국 및 탕류,15,1.33,0.64,1.1
무국_홍합,main dish,국 및 탕류,25,0.79,2.03,0.86
묵국_메밀묵,main dish,국 및 탕류,22,1,0.4,3.57
미역국,main dish,국 및 탕류,12,0.65,0.61,0.87
미역국_대합,main dish,국 및 탕류,11,1.23,0.45,0.56
미역국_새우,main dish,국 및 탕류,16,1.09,0.46,1.83
미역국_소고기,main dish,국 및 탕류,13,1.86,0.26,0.82
배추국_소고기,main dish,국 및 탕류,16,1.84,0.41,1.14
북어국,main dish,국 및 탕류,28,3.89,0.98,0.84
사골국,main dish,국 및 탕류,55,5.56,2.42,2.81
삼계탕,main dish,국 및 탕류,101,10.68,4.8,3.84
새우탕,main dish,국 및 탕류,33,5.17,0.44,2
설렁탕,main dish,국 및 탕류,24,4.26,0.58,0.36
순대국,main dish,국 및 탕류,85,2.35,1.75,14.95
어묵국(어묵탕),main dish,국 및 탕류,31,1.49,1.03,3.83
오징어국,main dish,국 및 탕류,18,2.22,0.73,0.73
육개장,main dish,국 및 탕류,30,3.68,0.99,1.49
육개장_닭고기,main dish,국 및 탕류,20,2.74,0.42,1.41
장어탕,main dish,국 및 탕류,67,4.32,3.91,3.68
재첩국,main dish,국 및 탕류,23,0.67,0.29,4.54
조개국,main dish,국 및 탕류,16,1.67,0.89,0.25
콩나물국,main dish,국 및 탕류,6,0.74,0.09,0.61
토란국,main dish,국 및 탕류,16,1,0.12,2.61
해장국_뼈다귀,main dish,국 및 탕류,26,3.19,0.97,1.06
해장국_선지,main dish,국 및 탕류,29,3.86,0.96,1.23
갈치찌개,main dish,찌개 및 전골류,38,5.27,1,1.95
감자탕,main dish,찌개 및 전골류,71,6.31,4.06,2.27
김치전골,main dish,찌개 및 전골류,73,3.12,4.23,5.68
김치찌개_꽁치,main dish,찌개 및 전골류,89,7.14,5.18,3.54
김치찌개_돼지고기,main dish,찌개 및 전골류,45,4.25,2.71,1.04
김치찌개_어묵,main dish,찌개 및 전골류,38,1.82,0.59,6.31
김치찌개_참치,main dish,찌개 및 전골류,51,3.59,2.82,2.9
김치찌개_햄,main dish,찌개 및 전골류,31,1.47,1.39,3.17
국밥_돼지머리,main dish,밥류,137,6.7,5.16,15.94
국밥_순대국밥,main dish,밥류,75,3.17,2.28,10.38
국밥_콩나물,main dish,밥류,52,1.45,0.24,10.93
기장밥,main dish,밥류,166,3.44,0.57,36.77
김밥,main dish,밥류,140,4.84,4.55,19.98
김밥_김치,main dish,밥류,130,4.3,4.03,19.17
김밥_날치알,main dish,밥류,177,6.1,4.26,28.66
김밥_돈가스,main dish,밥류,202,5.77,5.81,31.64
김밥_소고기,main dish,밥류,179,6.46,5.56,25.78
김밥_참치,main dish,밥류,174,7,7.22,20.26
김밥_채소,main dish,밥류,158,4.6,3.65,26.65
김밥_치즈,main dish,밥류,177,6.24,7.03,22.1
김밥_풋고추,main dish,밥류,169,4.88,4.41,27.52
덮밥_낙지,main dish,밥류,150,5.88,3.34,24.12
덮밥_닭고기,main dish,밥류,125,11.4,2.18,14.82
덮밥_돼지고기(제육),main dish,밥류,202,9.43,10.77,16.86
덮밥_불고기,main dish,밥류,182,6.6,5.31,26.96
덮밥_오징어,main dish,밥류,135,7.18,2.01,21.94
보리밥,main dish,밥류,161,2.9,0.24,36.77
볶음밥,main dish,밥류,183,5.56,2.76,33.97
볶음밥_계란,main dish,밥류,225,6.62,11.28,24.23
볶음밥_김치,main dish,밥류,167,5.32,9.18,15.74
볶음밥_새우,main dish,밥류,172,6.31,6.14,22.85
볶음밥_소고기,main dish,밥류,176,7.59,6.48,21.76
볶음밥_참치,main dish,밥류,180,4.62,3.27,32.9
볶음밥_채소,main dish,밥류,182,4.72,5.39,28.74
볶음밥_표고버섯,main dish,밥류,184,3.36,4.81,31.79
비빔밥,main dish,밥류,142,6.86,4.32,18.84
비빔밥_돌솥,main dish,밥류,147,5.39,2.95,24.68
비빔밥_육회,main dish,밥류,147,6.39,3.36,22.92
삼각김밥_참치마요네즈,main dish,밥류,199,5.93,8.21,25.45
수수밥,main dish,밥류,161,3.16,0.92,35.02
알밥,main dish,밥류,128,4.73,5.11,15.75
영양돌솥밥,main dish,밥류,184,3.43,2.87,36.06
오므라이스,main dish,밥류,173,6.5,7.23,20.54
자장밥,main dish,밥류,122,4.27,4.72,15.57
잡곡밥,main dish,밥류,146,5.3,0.87,29.33
잡채밥,main dish,밥류,150,4.02,3.42,25.79
주먹밥_소고기,main dish,밥류,178,4.76,2.18,34.73
짬뽕밥,main dish,밥류,72,3.2,1.4,11.65
차조밥,main dish,밥류,157,2.84,0.65,34.86
찰밥,main dish,밥류,153,4.39,0.18,33.56
초밥_모듬,main dish,밥류,160,9.66,1.59,26.72
초밥_유부초밥,main dish,밥류,194,5.78,5.77,29.82
카레라이스,main dish,밥류,108,3.11,1.4,20.74
콩나물밥,main dish,밥류,123,4.68,1.58,22.39
콩밥_검정콩,main dish,밥류,165,4.53,1.12,34.3
하이라이스,main dish,밥류,112,4.02,1.13,21.34
현미밥,main dish,밥류,172,3.1,0.47,38.9
회덮밥_모듬,main dish,밥류,145,9.1,4.15,17.76
미음,main dish,죽 및 스프류,19,0.3,0,4.7
대추차_대추차 핫(HOT) (L),snack,차류,53,0,0,0
대추차_대추차 핫(HOT) (M),snack,차류,56,0,0,0
녹차_제주 유기 녹차 아이스(ICED) (Tall),snack,차류,0,0,0,0
녹차_제주 유기 녹차 핫(HOT) (Tall),snack,차류,0,0,0,0
녹차_제주유기농녹차 아이스(ICED) (L),snack,차류,1,0.21,0,0
녹차_제주유기농녹차 핫(HOT) (L),snack,차류,0,0,0,0
녹차_프레시그린티 아이스(ICED),snack,차류,1,0,0,0
녹차_프레시그린티 핫(HOT),snack,차류,1,0,0,0
녹차_프루티 하동 아이스(ICED) (L),snack,차류,1,0,0,0
녹차_프루티 하동 핫(HOT) (L),snack,차류,1,0,0,0
녹차_해남 녹차 아이스(ICED),snack,차류,1,0,0,0
녹차_해남 녹차 핫(HOT),snack,차류,1,0,0,0
녹차_그린티 아이스(ICED) (R),snack,차류,2,0.19,0,0
녹차_그린티 핫(HOT) (R),snack,차류,1,0.11,0,0
녹차_자스민 그린티 아이스(ICED),snack,차류,4,0.03,0,0
녹차_자스민 그린티 핫(HOT),snack,차류,6,0.05,0,0
녹차_하동 녹차 아이스(ICED),snack,차류,0,0,0,0
녹차_하동 녹차 핫(HOT),snack,차류,0,0,0,0
대추차_사과 대추차,snack,차류,30,0,0,0
대추차_대추차 아이스(ICED) (L),snack,차류,53,0,0,0
대추차_대추차 아이스(ICED) (M),snack,차류,56,0,0,0
꿀차_꿀과실차 대추,snack,차류,22,0,0,0
꿀차_꿀과실차 레몬,snack,차류,21,0,0,0
꿀차_꿀과실차 모과,snack,차류,22,0,0,0
꿀차_꿀과실차 생강,snack,차류,23,0,0,0
꿀차_꿀과실차 유자,snack,차류,21,0,0,0
꿀차_꿀과실차 자몽,snack,차류,22,0.08,0,0
녹차_그린티 아이스(ICED),snack,차류,0,0,0,0
녹차_그린티,snack,차류,0,0,0,0
녹차_녹차 아이스(ICED),snack,차류,0,0.04,0,0
녹차_녹차 아이스(ICED),snack,차류,0,0,0,0
녹차_녹차 아이스(ICED),snack,차류,0,0,0,0
녹차_녹차 핫(HOT),snack,차류,0,0.03,0,0
녹차_녹차 핫(HOT),snack,차류,1,0,0,0
녹차_녹차 핫(HOT),snack,차류,0,0,0,0
녹차_녹차,snack,차류,0,0.03,0,0
녹차_자스민 그린티 아이스(ICED) (J),snack,차류,2,0.15,0,0
녹차_자스민 그린티 아이스(ICED) (L),snack,차류,2,0.21,0,0
녹차_자스민 그린티 핫(HOT) (J),snack,차류,2,0.21,0,0
녹차_자스민 그린티 핫(HOT) (L),snack,차류,2,0.24,0,0
기타차_체리석류 (L),snack,차류,3,0,0,0
기타차_체리석류 (M),snack,차류,2,0,0,0
기타차_캐모마일리치티 아이스(ICED),snack,차류,28,0,0,6.88
기타차_캐모마일리치티 핫(HOT),snack,차류,36,0.01,0,8.95
기타차_피치망고 (L),snack,차류,1,0,0,0
기타차_피치망고 (M),snack,차류,1,0,0,0
기타차_핑크 리치 프룻티,snack,차류,51,0.04,0,0
기타차_하동매실피치티 아이스(ICED),snack,차류,41,0.09,0.12,9.67
기타차_하동매실피치티 핫(HOT),snack,차류,53,0.12,0.15,12.57
기타차_한라봉 티 아이스(ICED),snack,차류,55,0.08,0,0
기타차_한라봉 티 핫(HOT),snack,차류,45,0.13,0,0
기타차_한라봉차 (L),snack,차류,35,0.05,0,0
기타차_한라봉차 (R),snack,차류,45,0.08,0,0
기타차_허니 캐모마일 아이스(ICED),snack,차류,1,0,0,0
기타차_허니 캐모마일 핫(HOT),snack,차류,1,0,0,0
기타차_화이트 템플 티 아이스(ICED),snack,차류,0,0,0,0
기타차_화이트 템플 티 핫(HOT),snack,차류,0,0,0,0
기타차_히비스커스 유자티 아이스(ICED),snack,차류,38,0.02,0,0
기타차_히비스커스 유자티 핫(HOT),snack,차류,48,0.06,0,0
기타차_슬림 망고 레몬 캐모마일티,snack,차류,0,0.06,0,0
기타차_슬림 망고 리치 히비스커스티,snack,차류,0,0.09,0,0
기타차_슬림 청포도 레몬 캐모마일티,snack,차류,0,0.06,0,0
기타차_슬림 청포도 리치 히비스커스티,snack,차류,0,0.07,0,0
기타차_엘더베리 아이스(ICED),snack,차류,0,0,0,0
기타차_엘더베리 핫(HOT),snack,차류,0,0,0,0
기타차_유자 엘더베리 아이스(ICED),snack,차류,41,0.21,0,0
기타차_유자 엘더베리 핫(HOT),snack,차류,41,0.21,0,0
기타차_인디안 차이 티 아이스(ICED),snack,차류,0,0,0,0
기타차_인디안 차이 티 핫(HOT),snack,차류,0,0,0,0
기타차_자몽 블랙 프룻티,snack,차류,37,0.1,0,0
기타차_자몽 얼그레이 티 아이스(ICED),snack,차류,53,0,0,0
기타차_자몽히비스커스티 아이스(ICED),snack,차류,19,0.1,0.01,4.71
기타차_자몽히비스커스티 핫(HOT),snack,차류,25,0.13,0.01,6.12
기타차_작설차,snack,차류,1,0.17,0,0
기타차_제주 한라봉 블랙티 아이스(ICED),snack,차류,41,0,0,0
기타차_체리 히비스커스티 아이스(ICED) (L),snack,차류,24,0,0,5.81
기타차_체리 히비스커스티 아이스(ICED) (ML),snack,차류,21,0,0,5.21
기타차_체리 히비스커스티 핫(HOT) (ML),snack,차류,25,0,0,6.26
기타차_리치 캐모마일티 아이스(ICED) (L),snack,차류,28,0,0,6.98
기타차_리치 캐모마일티 아이스(ICED) (ML),snack,차류,37,0,0,9.3
기타차_리치 캐모마일티 핫(HOT) (ML),snack,차류,45,0,0,11.17
기타차_매실차 아이스(ICED) (L),snack,차류,30,0,0,0
기타차_매실차 아이스(ICED) (M),snack,차류,29,0,0,0
기타차_매실차 핫(HOT) (L),snack,차류,30,0,0,0
기타차_매실차 핫(HOT) (M),snack,차류,29,0,0,0
기타차_배도라지차 아이스(ICED),snack,차류,41,0,0,10.15
기타차_배도라지차 핫(HOT),snack,차류,53,0,0,13.2
기타차_베리 히비스커스 아이스(ICED),snack,차류,2,0,0,0
기타차_베리 히비스커스 핫(HOT),snack,차류,2,0,0,0
기타차_샹그리아 프루티 아이스(ICED),snack,차류,38,0.06,0,0
기타차_샹그리아 프루티 핫(HOT),snack,차류,44,0.08,0,0
기타차_스노우코코 아이스(ICED) (L),snack,차류,0,0,0,0
기타차_스노우코코 아이스(ICED) (M),snack,차류,0,0,0,0
기타차_스노우코코 핫(HOT) (L),snack,차류,0,0,0,0
기타차_스노우코코 핫(HOT) (M),snack,차류,0,0,0,0
기타차_스트로베리 프룻티,snack,차류,44,0.11,0,0
기타차_슬림 딸기 레몬 캐모마일티,snack,차류,0,0.06,0,0
기타차_피치우롱스위티 아이스(ICED),snack,차류,25,0.17,0,0
기타차_피치우롱스위티 핫(HOT),snack,차류,41,0.27,0,0
기타차_한라봉차,snack,차류,51,0.21,0,0
기타차_딸기오렌지바나나 (L),snack,차류,1,0,0,0
기타차_딸기오렌지바나나 (M),snack,차류,1,0,0,0
기타차_딸기차 아이스(ICED) (L),snack,차류,32,0.06,0,0
기타차_딸기차 아이스(ICED) (M),snack,차류,32,0.07,0,0
기타차_딸기차 핫(HOT) (L),snack,차류,32,0.06,0,0
기타차_딸기차 핫(HOT) (M),snack,차류,32,0.07,0,0
기타차_레몬&오렌지홍차티 아이스(ICED),snack,차류,1,0.07,0,0
기타차_레몬&오렌지홍차티 핫(HOT),snack,차류,2,0.11,0,0
기타차_레몬진저 캐모마일 아이스(ICED),snack,차류,21,0.21,0,0
기타차_레몬진저 캐모마일 핫(HOT),snack,차류,21,0.21,0,0
기타차_레몬페퍼민트티 아이스(ICED),snack,차류,25,0.05,0.02,5.54
기타차_레몬페퍼민트티 핫(HOT),snack,차류,33,0.07,0.03,7.2
기타차_레몬허니블랙티 아이스(ICED),snack,차류,34,0.1,0.01,8.13
기타차_레몬허니블랙티 핫(HOT),snack,차류,44,0.14,0.01,10.57
기타차_루이보스 바닐라 티 아이스(ICED),snack,차류,0,0,0,0
기타차_루이보스 바닐라 티 핫(HOT),snack,차류,0,0,0,0
김밥_참치,main dish,밥류,170,6.44,5.89,22.73
소시지_쏘시봉,side dish,수·조·어·육류,200,7.27,12.73,14.55
계란덮밥,main dish,밥류,143,4.31,2.82,25.14
곤드레나물밥,main dish,밥류,149,2.94,2.71,28.26
국밥,main dish,밥류,52,3.45,1.03,7.33
국밥_굴,main dish,밥류,105,6.52,2.74,13.6
국밥_돼지고기,main dish,밥류,76,5.53,3.22,6.23
국밥_소고기,main dish,밥류,47,3.11,1.16,6.09
귀리밥,main dish,밥류,162,3.9,0.87,34.54
김밥_샐러드,main dish,밥류,162,3.85,5.41,24.58
김밥_소고기,main dish,밥류,160,6.39,3.85,25.01
누룽지_뜨거운물첨가,main dish,밥류,69,1.32,0.1,15.06
덮밥_송이버섯,main dish,밥류,97,3.04,2.34,15.93
덮밥_유산슬,main dish,밥류,105,4.9,3.46,13.44
덮밥_장어,main dish,밥류,179,7.52,5.74,24.34
덮밥_참치,main dish,밥류,136,5.84,3.35,20.59
덮밥_해물,main dish,밥류,110,6.01,3.21,14.35
리소토/리조또_간편조리세트_베이컨버섯크림리조또,main dish,밥류,187,3.11,12.29,15.9
리소토/리조또_간편조리세트_쉬림프로제리조또,main dish,밥류,176,3.35,9.77,18.57
묵밥,main dish,밥류,68,1.56,0.81,13.54
볶음밥_간편조리세트_돼지불백깍둑볶음누룽밥,main dish,밥류,186,10.82,7.84,17.92
볶음밥,main dish,밥류,193,6.92,8.38,22.5
볶음밥_김치,main dish,밥류,167,4.18,6.44,23.21
볶음밥_삼선,main dish,밥류,172,6.56,6.62,21.44
볶음밥_새우,main dish,밥류,175,4.5,4.9,28.2
볶음밥_해물,main dish,밥류,176,6.28,6.75,22.61
비빔밥_간편조리세트_꼬막비빔밥,main dish,밥류,103,7.33,3.29,11.01
비빔밥,main dish,밥류,142,4.47,3.81,22.5
비빔밥_멍게,main dish,밥류,137,4.15,3.28,22.68
비빔밥_약초,main dish,밥류,128,2.98,3.98,20.05
삼각김밥_고추장불고기,main dish,밥류,165,3.66,1.58,34.11
삼각김밥_숯불갈비,main dish,밥류,161,4,1.67,32.55
삼각김밥_참치마요네즈,main dish,밥류,172,3.94,3.2,31.95
새우튀김롤,main dish,밥류,202,4.82,6.06,32.09
쌀밥,main dish,밥류,166,3.36,0.32,37.33
알밥_간편조리세트_갑오징어알뚝밥,main dish,밥류,124,9.82,4.88,10.21
연어롤,main dish,밥류,170,6.19,5.13,24.77
연잎밥,main dish,밥류,207,4,0.3,47
오곡밥,main dish,밥류,156,4.78,0.52,32.93
자장밥,main dish,밥류,148,3.05,4.46,24.01
잡탕밥,main dish,밥류,104,5.88,2.68,13.99
주먹밥_멸치,main dish,밥류,208,6,4.4,36.2
짜장밥_오징어,main dish,밥류,136,6.3,2.8,21.5
초밥_광어,main dish,밥류,151,9.02,1.31,25.85
초밥_농어,main dish,밥류,159,6.97,0.53,31.5
초밥_모듬,main dish,밥류,154,8.47,2.02,25.48
초밥_문어,main dish,밥류,157,5.85,0.3,32.71
초밥_새우,main dish,밥류,130,7.78,1.94,20.41
초밥_연어,main dish,밥류,207,11.2,9.36,19.59
초밥_유부초밥,main dish,밥류,165,4.32,2.51,31.26
초밥_장어,main dish,밥류,195,6.61,4.33,32.27
초밥_한치,main dish,밥류,150,5.48,0.34,31.17
충무김밥,main dish,밥류,146,5.86,1.49,27.29
캘리포니아롤,main dish,밥류,163,4.11,3.02,29.74
콩밥_강낭콩,main dish,밥류,173,4.38,0.39,38.04
회덮밥,main dish,밥류,137,6.04,3.31,20.66
깨죽,main dish,죽 및 스프류,64,1.71,1.99,9.91
게살죽,main dish,죽 및 스프류,71,2.24,0.89,13.42
미음_칠분도미,main dish,죽 및 스프류,20,0.3,0.1,4.6
미음_현미,main dish,죽 및 스프류,19,0.4,0.1,4.4
백합죽,main dish,죽 및 스프류,65,2.36,0.8,12.1
소고기버섯죽,main dish,죽 및 스프류,72,2.34,0.93,13.63
스프_감자,main dish,죽 및 스프류,98,1.91,6.54,7.91
스프_소고기,main dish,죽 및 스프류,40,1.06,0.87,6.91
스프_양송이버섯,main dish,죽 및 스프류,42,0.78,1.11,7.23
스프_크림,main dish,죽 및 스프류,45,0.64,1.59,7.03
스프_옥수수,main dish,죽 및 스프류,46,0.83,1.48,7.33
쌀죽(흰죽),main dish,죽 및 스프류,53,0.99,0.15,11.45
쌀죽(흰죽),main dish,죽 및 스프류,52,1.33,0.15,11.43
쌀죽(흰죽)_삼광,main dish,죽 및 스프류,53,0.89,0.1,11.51
쌀죽(흰죽)_새일미,main dish,죽 및 스프류,55,1.09,0.17,11.72
쌀죽(흰죽)_신동진,main dish,죽 및 스프류,53,0.96,0.15,11.42
쌀죽(흰죽)_오대,main dish,죽 및 스프류,52,1.02,0.18,11.16
쌀죽(흰죽)_칠분도미,main dish,죽 및 스프류,68,1.1,0.2,15.6
어죽,main dish,죽 및 스프류,69,2.55,0.94,12.6
율무죽,main dish,죽 및 스프류,77,3.26,0.98,13.75
잣죽,main dish,죽 및 스프류,125,2.74,2.8,22.18
참깨죽,main dish,죽 및 스프류,38,1,1.2,5.9
참치죽,main dish,죽 및 스프류,82,3.02,2.01,13.07
채소죽,main dish,죽 및 스프류,70,1.15,1.39,13.3
현미죽,main dish,죽 및 스프류,64,1.2,0.4,15.2
감자국,main dish,국 및 탕류,32,1.19,0.79,4.94
게국지,main dish,국 및 탕류,38,4.08,1.1,2.88
곰치국,main dish,국 및 탕류,42,5.43,1.18,2.39
곰탕,main dish,국 및 탕류,61,6.47,1.23,6.03
김치국,main dish,국 및 탕류,20,1.2,0.62,2.33
낙지탕,main dish,국 및 탕류,31,4.9,0.53,1.73
달걀국,main dish,국 및 탕류,39,3.25,2.38,1.12
된장국_감자,main dish,국 및 탕류,40,1.63,1.04,6.11
된장국_무,main dish,국 및 탕류,23,1.36,0.53,3.27
된장국_시금치,main dish,국 및 탕류,21,1.69,0.84,1.54
된장국_시래기,main dish,국 및 탕류,22,1.49,0.69,2.44
된장국_우렁,main dish,국 및 탕류,49,4.92,1.54,3.84
매생이국,main dish,국 및 탕류,24,2,0.56,2.68
무국_소고기,main dish,국 및 탕류,31,3.55,1,1.95
묵말이_도토리묵,main dish,국 및 탕류,36,0.52,0.65,6.9
미소된장국,main dish,국 및 탕류,25,1.87,1.2,1.87
미역국_굴,main dish,국 및 탕류,17,1.43,0.64,1.37
미역국_바지락,main dish,국 및 탕류,9,0.89,0.22,0.95
미역국_북어,main dish,국 및 탕류,19,2.46,0.56,1.04
미역국_참치,main dish,국 및 탕류,19,2.62,0.57,0.9
미역국_홍합,main dish,국 및 탕류,26,3.03,0.72,1.78
새우탕_간편조리세트_전복민물새우탕,main dish,국 및 탕류,56,2.85,0.45,10.07
소탕,main dish,국 및 탕류,58,5.1,3.57,1.27
순대국,main dish,국 및 탕류,68,5.44,4.13,2.16
아구탕,main dish,국 및 탕류,41,6.3,0.82,2.13
어묵국(어묵탕)_간편조리세트_프리미엄 이자카야어묵탕,main dish,국 및 탕류,69,3.48,1.26,11.01
어탕,main dish,국 및 탕류,57,8.47,2.06,1.21
연포탕,main dish,국 및 탕류,54,9.49,0.9,2.02
오이냉국,main dish,국 및 탕류,19,0.5,0.09,3.92
올갱이국,main dish,국 및 탕류,24,2.28,0.7,2.17
전복탕,main dish,국 및 탕류,33,4.47,0.5,2.63
조개국_바지락,main dish,국 및 탕류,29,4,0.56,1.84
지리탕_대구,main dish,국 및 탕류,44,6.93,1.03,1.65
지리탕_복,main dish,국 및 탕류,39,6.95,0.45,1.72
초당순두부,main dish,국 및 탕류,58,5.46,3.24,1.76
해장국_뼈다귀,main dish,국 및 탕류,71,7.46,3.57,2.34
해장국_선지,main dish,국 및 탕류,31,4.93,0.54,1.67
해장국_우거지,main dish,국 및 탕류,26,1.98,0.98,2.25
홍합탕_홍합만,main dish,국 및 탕류,29,3.68,0.57,2.28
황태해장국,main dish,국 및 탕류,30,4.08,1.13,0.95
무국물,main dish,국 및 탕류,3,0.16,0,0.55
고등어찌개,main dish,찌개 및 전골류,100,8.15,5.62,4.27
곱창전골_간편조리세트_대한곱창 곱창전골,main dish,찌개 및 전골류,140,5.79,9.11,8.65
곱창전골_간편조리세트_소곱창순대전골,main dish,찌개 및 전골류,75,3.95,2.82,8.36
곱창전골_소고기,main dish,찌개 및 전골류,88,6.93,4.55,4.87
김치찌개,main dish,찌개 및 전골류,61,3.77,3.75,2.98
김치찌개_김치만,main dish,찌개 및 전골류,46,1.55,3.09,2.95
김치찌개_햄,main dish,찌개 및 전골류,63,3.7,3.47,4.23
꽁치찌개,main dish,찌개 및 전골류,118,8,7.77,4.07
꽃게탕_간편조리세트_3마리꽃게탕,main dish,찌개 및 전골류,26,2.58,0.62,2.47
나베_간편조리세트_통등심가스나베,main dish,찌개 및 전골류,170,5.41,9.52,15.71
낙지전골_간편조리세트_낙곱새,main dish,찌개 및 전골류,88,5.47,1.64,12.88
돼지고기찌개_간편조리세트_돼지고기 짜글이,main dish,찌개 및 전골류,108,10.46,4.64,6.04
돼지고기찌개_간편조리세트_돼지고기고추장찌개,main dish,찌개 및 전골류,49,4.32,1.13,5.28
된장찌개_간편조리세트_고깃집 된장찌개,main dish,찌개 및 전골류,110,7.71,6.33,5.44
된장찌개_간편조리세트_구수한 버섯된장찌개,main dish,찌개 및 전골류,26,1.79,0.4,3.88
된장찌개_우렁_강된장,main dish,찌개 및 전골류,136,7.28,4.74,16.09
두부전골,main dish,찌개 및 전골류,63,5.12,3.22,3.42
두부찌개_새우젓,main dish,찌개 및 전골류,55,5.4,2.7,2.4
마라탕_간편조리세트_마라탕,main dish,찌개 및 전골류,88,4.64,5.15,5.72
마라탕,main dish,찌개 및 전골류,66,3.91,3.27,5.1
만두전골_간편조리세트_얼큰왕만두전골,main dish,찌개 및 전골류,75,2.67,2.07,11.35
만두전골,main dish,찌개 및 전골류,57,3.61,2.23,5.55
매운탕_광어,main dish,찌개 및 전골류,70,9.74,2.77,1.52
매운탕_대구,main dish,찌개 및 전골류,60,9.56,1.2,2.81
매운탕_메기,main dish,찌개 및 전골류,67,4.77,1.7,8.1
매운탕_서더리,main dish,찌개 및 전골류,30,4.02,1.27,0.63
매운탕_아귀,main dish,찌개 및 전골류,43,6.85,0.71,2.32
매운탕_우럭,main dish,찌개 및 전골류,68,8.69,2.84,1.87
매운탕_조기,main dish,찌개 및 전골류,64,5.85,3.23,2.88
매운탕_짱뚱어,main dish,찌개 및 전골류,31,1.92,1.42,2.77
밀푀유나베_간편조리세트_매콤 밀푀유나베,main dish,찌개 및 전골류,55,4.13,3.11,2.52
밀푀유나베_간편조리세트_밀푀유나베,main dish,찌개 및 전골류,36,3.45,1.64,1.8
밀푀유나베_간편조리세트_밀푀유나베,main dish,찌개 및 전골류,41,3.66,1.17,3.83
밀푀유나베_간편조리세트_밀푀유나베,main dish,찌개 및 전골류,47,3.53,1.02,5.94
버섯전골_간편조리세트_남도식 들깨 버섯전골,main dish,찌개 및 전골류,40,2.14,1.5,4.54
버섯찌개,main dish,찌개 및 전골류,42,3.68,1.3,3.85
부대찌개_간편조리세트_오뎅식당 부대찌개,main dish,찌개 및 전골류,145,6.27,10.31,6.77
부대찌개_간편조리세트_의정부식부대찌개,main dish,찌개 및 전골류,106,3.36,5.55,10.7
부대찌개_간편조리세트_햄듬뿍부대찌개,main dish,찌개 및 전골류,94,4.87,4.46,8.62
부대찌개,main dish,찌개 및 전골류,67,3.07,3.1,6.62
불고기전골_간편조리세트_서울식 소불고기전골,main dish,찌개 및 전골류,104,5.96,4.34,10.38
불고기전골_간편조리세트_서울식 육수불고기,main dish,찌개 및 전골류,96,6.73,2.06,12.54
불고기전골_간편조리세트_서울식불고기전골,main dish,찌개 및 전골류,41,3.74,0.7,4.91
불고기전골_간편조리세트_서울식불고기전골,main dish,찌개 및 전골류,114,6.5,5.37,9.83
불낙전골_간편조리세트_이게불낙이야,main dish,찌개 및 전골류,63,6.6,1.75,5.32
샤브샤브_간편조리세트_소고기 샤브샤브,main dish,찌개 및 전골류,34,2.71,1.26,2.99
샤브샤브_간편조리세트_소고기스키야키,main dish,찌개 및 전골류,76,6.23,1.78,8.65
샤브샤브_간편조리세트_일호식 스키야키,main dish,찌개 및 전골류,51,3.36,2.6,3.64
샤브샤브_소고기,main dish,찌개 및 전골류,44,4.85,1.63,2.45
소고기전골_간편조리세트_어복쟁반,main dish,찌개 및 전골류,37,3.39,1.96,1.41
소고기전골_간편조리세트_파빌리온 얼큰 소고기 전골,main dish,찌개 및 전골류,73,4.4,4.94,2.69
소고기전골_간편조리세트_평양식 어복쟁반,main dish,찌개 및 전골류,76,7.02,2.94,5.35
순두부찌개_간편조리세트_강릉식 짬뽕 순두부,main dish,찌개 및 전골류,42,3.78,1.74,2.78
순두부찌개_간편조리세트_우삼겹 순두부찌개,main dish,찌개 및 전골류,43,3.54,2.09,2.44
순두부찌개_간편조리세트_우삼겹 순두부찌개,main dish,찌개 및 전골류,47,3.75,2.16,3.08
순두부찌개_간편조리세트_짬뽕순두부찌개,main dish,찌개 및 전골류,51,3.82,2.52,3.2
순두부찌개_간편조리세트_해물짬뽕순두부,main dish,찌개 및 전골류,53,3.31,2.81,3.53
청국장찌개_간편조리세트_영월식 청국장,main dish,찌개 및 전골류,74,6.09,3.13,5.38
청국장찌개_간편조리세트_우삼겹 청국장찌개,main dish,찌개 및 전골류,80,5.58,4.88,3.32
청국장찌개_두부_채소,main dish,찌개 및 전골류,79,6.32,4.63,2.94
추어탕,main dish,찌개 및 전골류,32,2.27,1.32,2.68
해물탕_간편조리세트_바다를 품은 해물탕,main dish,찌개 및 전골류,33,4.11,0.96,2.02
해물탕,main dish,찌개 및 전골류,45,6.63,0.78,2.77
해신탕,main dish,찌개 및 전골류,57,7.93,1.88,2.03
호박찌개,main dish,찌개 및 전골류,32,1.87,0.87,4.07
훠궈_소고기,main dish,찌개 및 전골류,93,4.81,5.11,6.83
갈비찜_고춧가루,main dish,찜류,172,20.43,6.57,7.9
갈비찜_소고기,main dish,찜류,198,19.94,10.78,5.26
김치찜_간편조리세트_돼지고기 김치찜,main dish,찜류,97,10.14,3.67,5.75
김치찜_간편조리세트_돼지고기 묵은지찜,main dish,찜류,52,4.9,2.26,2.99
깻잎찜,main dish,찜류,112,3.96,4.6,13.6
꼬막무침,main dish,찜류,107,8.34,4.72,7.69
꼬막찜_참꼬막,main dish,찜류,113,15.59,3.13,5.74
달걀찜_달걀만,main dish,찜류,108,9.01,7.5,1.03
달걀찜_채소,main dish,찜류,89,4.76,5.77,4.46
닭찜_간편조리세트_안동식 찜닭,main dish,찜류,136,7.22,3.32,19.38
닭찜_안동찜닭,main dish,찜류,91,7.61,2.59,9.3
대구찜,main dish,찜류,75,10.34,1.58,4.94
동태찜,main dish,찜류,79,10.18,1.94,5.16
동파육,main dish,찜류,191,8.99,15.41,4.15
돼지갈비찜_간편조리세트_국내산순살돼지갈비찜,main dish,찜류,120,10.12,4.91,8.8
돼지고기_간,main dish,찜류,164,29.36,4.44,1.56
돼지고기_머리고기,main dish,찜류,325,21.2,26,1.75
돼지고기_허파,main dish,찜류,91,17.27,2.41,0.02
돼지등갈비찜,main dish,찜류,214,16.02,10.93,12.76
북어찜,main dish,찜류,157,18.73,3.8,12
붕어찜,main dish,찜류,76,4.94,3.35,6.51
수란_중탕,main dish,찜류,145,12.3,11.7,0.2
순대,main dish,찜류,181,6.52,8.55,19.45
아귀찜_간편조리세트_쫀득쫀득아귀찜,main dish,찜류,77,6.68,2.79,6.37
아귀찜,main dish,찜류,78,12.08,1.33,4.37
오징어순대,main dish,찜류,133,13.06,1.6,16.66
조기찜,main dish,찜류,182,20.06,10.59,1.64
족발,main dish,찜류,220,28.91,11.65,0
해물찜_간편조리세트_낙지한마리해물찜,main dish,찜류,88,6.63,3.53,7.52
해물찜_간편조리세트_백합&바지락통찜,main dish,찜류,49,3.31,0.95,6.85
해물찜,main dish,찜류,80,8.52,1.96,7.08
가자미구이,main dish,구이류,151,22.61,6.42,0.76
갈매기살구이_돼지고기,main dish,구이류,312,26.98,22.6,0.28
갈비구이_돼지고기,main dish,구이류,294,19.58,21.39,5.78
갈비구이_소고기,main dish,구이류,309,20.94,21.81,7.13
갈비구이_소고기_양념,main dish,구이류,330,20.03,23.87,8.73
갈비구이_왕갈비_양념,main dish,구이류,321,18.07,23.53,9.13
갈치구이_기름,main dish,구이류,209,22.12,13.04,0.83
꼬치구이_닭고기,main dish,구이류,252,16.52,12.24,19.07
꿩불고기,main dish,구이류,74,6.7,1.7,7.94
닭튀김(치킨)_양념,main dish,구이류,276,17.75,13.4,21.15
대창구이_소고기,main dish,구이류,595,9.11,60.25,4.05
더덕구이,main dish,구이류,184,3.1,5.2,31.1
돼지갈비구이_간장,main dish,구이류,240,19.5,14.4,8.1
돼지껍데기구이,main dish,구이류,348,23.74,26.64,3.37
돼지불고기_간편조리세트_기사식당 돼지불고기,main dish,구이류,155,10.25,9.08,8.08
돼지불고기_간편조리세트_대파고추장불고기,main dish,구이류,165,11.79,7.66,12.17
돼지불고기_간편조리세트_매콤 콩나물불고기,main dish,구이류,191,10.62,10.31,13.82
돼지불고기_삼겹살_오징어,main dish,구이류,182,12.8,9.95,10.25
막창구이_소고기,main dish,구이류,358,15.34,32.73,0.4
소불고기,main dish,구이류,186,10.33,13.1,6.73
스테이크_간편조리세트_그레이프 소스 스테이크,main dish,구이류,153,11.09,8.36,8.47
스테이크_간편조리세트_뉴욕스테이크&크림뇨끼,main dish,구이류,176,8.71,8.79,15.39
스테이크_간편조리세트_부채살 찹스테이크,main dish,구이류,176,11.08,12.04,5.94
스테이크_간편조리세트_블랙라벨 스테이크 부채살,main dish,구이류,155,13.1,8.86,5.73
스테이크_간편조리세트_비프찹스테이크,main dish,구이류,147,7.76,9.66,7.22
스테이크_간편조리세트_시그니처 스테이크 부채살,main dish,구이류,140,11.42,7.12,7.52
스테이크_간편조리세트_시그니처찹스테이크,main dish,구이류,130,10.5,6.21,7.92
스테이크_간편조리세트_파빌리온 양갈비 스테이크,main dish,구이류,151,9.46,6.8,13.07
스테이크_간편조리세트_프라임스테이크 부채살,main dish,구이류,186,10.77,13.41,5.63
연어구이,main dish,구이류,234,24.78,14.94,0.2
오겹살구이_돼지고기,main dish,구이류,408,20.18,35.14,2.72
임연수구이,main dish,구이류,198,21.52,11.76,1.4
장어구이_붕장어_소금,main dish,구이류,297,26,16.2,11.6
장어구이_양념,main dish,구이류,289,20.51,20.37,5.87
차돌박이구이_소고기,main dish,구이류,488,17.94,45.69,1.31
콘치즈구이,main dish,구이류,224,9.51,12.85,17.56
함박스테이크_간편조리세트_더블체다 함박스테이크,main dish,구이류,189,9.9,10.46,13.88
함박스테이크,main dish,구이류,229,13.48,14.82,10.38
황태구이,main dish,구이류,219,23.9,7.7,13.45
훈제오리,main dish,구이류,319,17.22,25.63,4.83
훈제오리,main dish,구이류,259,26.85,15.16,3.86
감바스_간편조리세트_감바스 알 아히요,side dish,볶음류,224,11.48,11.38,19
감바스_간편조리세트_감바스 알 아히요,side dish,볶음류,303,6.54,22.52,18.56
감바스_간편조리세트_감바스 알 아히요,side dish,볶음류,384,8.41,32.85,13.79
감자볶음_감자만,side dish,볶음류,134,1.9,6.86,16.18
고추잡채_간편조리세트_고추잡채 꽃빵키트,side dish,볶음류,168,6.76,5.62,22.5
곱창볶음_돼지껍데기,side dish,볶음류,235,17.2,11.13,16.33
김치볶음_김치만,side dish,볶음류,132,2.63,10.35,7.17
난자완스,side dish,볶음류,173,10.81,10.17,9.57
느타리버섯볶음,side dish,볶음류,87,3.61,4.66,7.69
닭모래집볶음,side dish,볶음류,176,28.11,5.8,2.82
닭볶음(닭갈비)_간편조리세트_모짜렐라 치즈 닭갈비,side dish,볶음류,150,11.59,5.41,13.82
닭볶음(닭갈비)_간편조리세트_치즈 품은 닭갈비,side dish,볶음류,160,9.5,5.62,17.96
닭볶음(닭갈비)_간편조리세트_치즈이불 닭갈비,side dish,볶음류,162,11.4,6.48,14.49
닭볶음(닭갈비),side dish,볶음류,149,11.48,6.45,11.23
돼지고기볶음_간편조리세트_돼지고기 숙주 볶음,side dish,볶음류,145,7.46,8.78,9.05
돼지고기볶음,side dish,볶음류,175,11.48,10.33,9.11
두부김치,side dish,볶음류,115,7.79,6.85,5.63
떡볶이_간편조리세트_달콤짭짤 궁중식 떡볶이,side dish,볶음류,167,5.27,5.54,24
떡볶이_간편조리세트_떡볶이 보통맛,side dish,볶음류,161,3.9,4.36,26.45
떡볶이_간편조리세트_소불고기궁중떡볶이,side dish,볶음류,118,5.46,1.7,20.2
떡볶이_간편조리세트_호로록 로제 떡볶이,side dish,볶음류,184,4.37,5.1,30.25
떡볶이_치즈,side dish,볶음류,164,5.54,2.69,29.31
마파두부_간편조리세트_백리향 마파두부,side dish,볶음류,129,7.42,9,4.62
머위나물볶음,side dish,볶음류,72,2.33,4.67,5.07
멸치볶음_풋고추,side dish,볶음류,262,23.25,11.2,17.03
미역줄기볶음,side dish,볶음류,89,1.03,7.84,3.65
버섯볶음_양송이버섯,side dish,볶음류,91,3,5.53,7.33
버섯볶음_표고버섯,side dish,볶음류,95,3,4.47,10.53
소고기볶음_간편조리세트_차돌박이숙주볶음,side dish,볶음류,193,7.3,15.35,6.38
소시지볶음,side dish,볶음류,236,9.4,14.95,15.9
순대볶음_간편조리세트_매콤 깻잎 순대볶음,side dish,볶음류,166,2.89,7.12,22.51
순대볶음_간편조리세트_신림동 백순대볶음,side dish,볶음류,210,4.56,11.98,21.08
순대볶음_간편조리세트_신림동 백순대볶음,side dish,볶음류,150,2.9,4.99,23.43
순대볶음,side dish,볶음류,146,5.18,5.33,19.18
순대볶음_백순대,side dish,볶음류,196,3.62,10.23,22.45
오징어볶음,side dish,볶음류,120,10.28,4.38,9.84
오징어채볶음,side dish,볶음류,275,22.04,7.57,29.77
잔멸치볶음,side dish,볶음류,330,34.97,8.97,27.43
잡채_간편조리세트_소고기 버섯 잡채,side dish,볶음류,105,2.18,1.8,19.97
잡채_간편조리세트_소고기 버섯 잡채,side dish,볶음류,153,2.74,5.9,22.13
잡채_고추,side dish,볶음류,128,5.5,6.01,13.09
주꾸미볶음,side dish,볶음류,106,9.16,2.6,11.41
주꾸미삼겹살,side dish,볶음류,161,10.11,8.66,10.66
해물볶음,side dish,볶음류,105,9.55,3.83,8.05
가자미조림,side dish,조림류,99,12.37,2.37,7.17
고등어조림,side dish,조림류,108,8.36,6.07,4.9
고추조림,side dish,조림류,111,3.3,4.9,13.4
닭볶음탕_간편조리세트_곱도리탕,side dish,조림류,107,6.66,4.21,10.62
동태조림,side dish,조림류,110,16.32,1.88,6.96
북어조림,side dish,조림류,182,20.83,3.33,17.14
연근조림,side dish,조림류,261,2.1,1.3,60.2
장조림_돼지고기_메추리알,side dish,조림류,127,16.67,3.7,6.74
장조림_소고기_메추리알,side dish,조림류,121,16.27,3.68,5.77
장조림_우엉,side dish,조림류,149,2.1,0.3,34.37
조기조림,side dish,조림류,128,13.7,6.27,4.27
콩조림(콩자반),side dish,조림류,271,19.3,4.2,39.1
고구마줄기나물,side dish,나물·숙채류,97,1.64,7.46,5.77
깻잎나물,side dish,나물·숙채류,146,4.23,11.49,6.42
깻잎나물볶음,side dish,나물·숙채류,103,3.75,7.2,5.75
머위나물무침,side dish,나물·숙채류,85,1.62,7.66,2.49
미나리나물,side dish,나물·숙채류,59,2.03,3.67,4.48
세발나물무침,side dish,나물·숙채류,78,3.01,4.25,7.05
우거지나물무침,side dish,나물·숙채류,86,3,5.67,5.8
취나물무침,side dish,나물·숙채류,148,2.75,12.31,6.61
골뱅이무침,side dish,생채·무침류,109,7.08,1.97,15.69
냉채_해파리,side dish,생채·무침류,61,4.13,0.93,8.93
노각무침,side dish,생채·무침류,56,1.73,1.2,9.53
단무지무침,side dish,생채·무침류,40,1,1.6,5.6
달래무침,side dish,생채·무침류,91,2.67,1.87,15.87
더덕무침,side dish,생채·무침류,144,2.87,1.87,28.93
도라지생채,side dish,생채·무침류,119,2.75,1.11,24.52
무말랭이무침,side dish,생채·무침류,131,2.25,0.61,29.24
무말랭이무침,side dish,생채·무침류,131,3.08,0.87,27.77
묵무침_도토리묵,side dish,생채·무침류,46,0.29,0.32,10.38
묵무침_청포묵,side dish,생채·무침류,60,1.16,2.08,9.08
물회,side dish,생채·무침류,76,4.91,2.7,7.9
물회_생선,side dish,생채·무침류,72,4.29,1.54,10.31
미역초무침,side dish,생채·무침류,63,2.19,0.48,12.57
배추겉절이,side dish,생채·무침류,43,2.18,0.92,6.51
밴댕이무침,side dish,생채·무침류,150,7.45,8.25,11.5
부추무침_부추만,side dish,생채·무침류,70,3.25,1.21,11.58
상추겉절이,side dish,생채·무침류,64,2.48,3.26,6.18
샐러드_간편조리세트_콥샐러드&시저드레싱,side dish,생채·무침류,129,8.75,8.4,4.55
샐러드_고구마,side dish,생채·무침류,185,1.81,7.79,26.84
샐러드_양배추_코올슬로,side dish,생채·무침류,153,0.95,9.91,14.89
쑥갓나물무침,side dish,생채·무침류,64,3,3.8,4.4
오이생채,side dish,생채·무침류,50,1.44,1.34,7.97
오이생채_오이만,side dish,생채·무침류,51,1.61,2.08,6.56
탕평채,side dish,생채·무침류,97,3.55,3.81,12.26
파무침,side dish,생채·무침류,82,2.31,3.36,10.65
홍어무침,side dish,생채·무침류,99,8.93,1.32,12.98
회무침_서대,side dish,생채·무침류,105,7.53,1.53,15.3
달걀_삶은것,side dish,수·조·어·육류,150,12.8,10.65,0.63
달걀_삶은것_노른자,side dish,수·조·어·육류,358,15.66,32.31,1.17
달걀_삶은것_흰자,side dish,수·조·어·육류,48,11.42,0.29,0.01
대구포,side dish,수·조·어·육류,141,31.97,0.4,2.33
넙치(광어)회덮밥_양념장,main dish,밥류,77,4.27,1.06,12.64
돌솥비빔밥_양념장,main dish,밥류,86,2.81,2.07,13.99
볶음밥_배추김치_참치,main dish,밥류,105,5.11,2.58,14.6
볶음밥_새우,main dish,밥류,105,4.86,2.25,15.44
볶음밥_참치,main dish,밥류,120,6.58,2.72,16.4
볶음밥_해물,main dish,밥류,106,5.32,2.19,15.38
비빔밥_묵_양념장,main dish,밥류,96,3.09,2.07,16.34
비빔밥_참치_양념장,main dish,밥류,100,4.82,1.8,16.11
영양돌솥밥,main dish,밥류,119,2.43,0.44,25.29
오므라이스,main dish,밥류,117,3.64,3.33,17.22
우럭회덮밥_양념장,main dish,밥류,67,3.49,0.77,11.47
주먹밥_배추김치,main dish,밥류,106,2.39,1.3,20.81
주먹밥_참치,main dish,밥류,131,4.74,2.71,21.16
짜장밥,main dish,밥류,93,2.85,1.94,15.58
참치덮밥,main dish,밥류,108,5.8,2.13,15.91
참치회덮밥_양념장,main dish,밥류,76,4.73,0.81,12.14
카레라이스_돼지고기,main dish,밥류,90,2.8,1.65,15.73
카레라이스_채소,main dish,밥류,95,2.09,1.18,18.96
콩나물국밥,main dish,밥류,60,2.66,0.73,10.69
갈비탕_소금제외,main dish,국 및 탕류,89,5.5,5.44,4.21
닭고기육개장,main dish,국 및 탕류,39,4.96,1.07,2.5
닭곰탕,main dish,국 및 탕류,50,6.35,1.8,1.71
닭백숙,main dish,국 및 탕류,56,4.23,2.11,4.49
삼계탕,main dish,국 및 탕류,88,7.42,3.75,5.64
갈치찌개,main dish,찌개 및 전골류,45,4.12,1.57,2.96
개고기전골,main dish,찌개 및 전골류,74,5.56,5.03,2.35
고추장찌개_두부,main dish,찌개 및 전골류,56,5.26,2.13,4.17
곱창전골,main dish,찌개 및 전골류,47,3.57,2.61,2.66
김치찌개_돼지고기,main dish,찌개 및 전골류,61,4.75,2.63,4.5
낙지전골,main dish,찌개 및 전골류,35,4.19,0.6,3.56
내장전골,main dish,찌개 및 전골류,58,5.41,2.88,2.89
동태찌개,main dish,찌개 및 전골류,25,3.25,0.51,2.05
돼지고기찌개,main dish,찌개 및 전골류,56,4.08,3.14,2.85
두부전골,main dish,찌개 및 전골류,41,3.79,1.76,2.87
매운탕_동태_해물,main dish,찌개 및 전골류,36,5.75,0.69,1.76
매운탕_메기,main dish,찌개 및 전골류,58,3.97,1.46,7.37
매운탕_메기_해물,main dish,찌개 및 전골류,45,4.12,1.29,4.4
매운탕_아귀,main dish,찌개 및 전골류,25,3.75,0.34,2.14
매운탕_우럭,main dish,찌개 및 전골류,30,3.5,0.6,2.82
매운탕_해물,main dish,찌개 및 전골류,33,5.49,0.53,1.83
버섯전골_소고기,main dish,찌개 및 전골류,59,4.11,3.02,4.69
불낙전골,main dish,찌개 및 전골류,69,7,2.67,4.58
불낙전골_해물,main dish,찌개 및 전골류,49,4.3,2.12,3.48
소고기샤브샤브,main dish,찌개 및 전골류,46,2.95,2.04,4.08
순대전골,main dish,찌개 및 전골류,76,5.61,3.18,6.28
아귀지리,main dish,찌개 및 전골류,21,3.97,0.13,0.89
알탕_해물,main dish,찌개 및 전골류,46,6.82,1.03,2.29
오리백숙,main dish,찌개 및 전골류,124,7.36,7.72,5.57
오리탕,main dish,찌개 및 전골류,104,6.68,6.98,3.71
가오리콩나물찜,main dish,찜류,29,2.68,0.84,3.5
김치찜_돼지고기,main dish,찜류,88,6.54,4.7,4.62
깻잎찜,main dish,찜류,48,3.04,1.02,8.1
꼬막찜,main dish,찜류,30,4.01,0.54,2.19
꽃게콩나물찜,main dish,찜류,52,5.86,1.34,5.1
꽈리고추찜,main dish,찜류,41,1.48,0.76,7.51
낙지찜,main dish,찜류,74,5.47,4.31,3.81
단호박찜,main dish,찜류,41,0.93,0.16,10.04
대구볼찜,main dish,찜류,45,4.23,1.23,5.37
돼지갈비찜_배추김치,main dish,찜류,89,5.86,4.89,5.36
복찜,main dish,찜류,36,3.55,0.92,4.11
소갈비찜,main dish,찜류,111,5.38,7.08,6.45
소갈비찜_해물,main dish,찜류,137,11.41,6.11,8.65
해물콩나물찜,main dish,찜류,51,7.04,1.11,3.83
홍어찜,main dish,찜류,41,7.2,0.54,1.49
황태콩나물찜,main dish,찜류,82,10.17,1.99,6.92
가자미구이,main dish,구이류,108,11.89,5.73,1.26
갈치구이,main dish,구이류,147,12.65,9.81,0.88
고등어구이,main dish,구이류,142,9.51,9.99,2.69
굴비구이,main dish,구이류,122,11.83,7.4,0.98
꽁치구이,main dish,구이류,80,9.39,3.97,0.79
닭구이,main dish,구이류,76,7.07,3.77,3.01
더덕구이,main dish,구이류,108,1.86,2.14,22.34
돼지갈비구이_간장,main dish,구이류,129,7.96,7.78,6.56
삼치구이,main dish,구이류,64,9.55,2.38,0.47
소내장구이,main dish,구이류,92,6.75,6.53,0.75
소불고기_버섯,main dish,구이류,97,6.07,5.35,6.58
오리고기로스,main dish,구이류,174,11.76,13.5,0.5
옥돔구이,main dish,구이류,39,4.91,1.92,0.11
옥수수구이,main dish,구이류,148,1.43,9.01,15.41
옥수수구이_치즈,main dish,구이류,140,4.4,7.41,13.6
장어구이_고추장,main dish,구이류,134,10.05,8.25,4.82
장어구이_소금,main dish,구이류,137,9.94,10.37,0.23
전어구이,main dish,구이류,33,5.86,0.82,0.06
황태구이_양념,main dish,구이류,144,20.64,3.78,5.91
가지볶음_가지,side dish,볶음류,35,0.9,2.17,3.36
가지볶음_가지_고추,side dish,볶음류,27,0.91,1.27,3.36
가지볶음_가지_당근,side dish,볶음류,37,0.93,1.94,4.56
감자볶음_감자,side dish,볶음류,52,1.23,1.31,8.95
감자볶음_감자_당근,side dish,볶음류,47,1.08,1.36,7.79
건새우볶음_건새우,side dish,볶음류,120,15.53,3.87,4.96
건새우볶음_건새우_꽈리고추,side dish,볶음류,71,7.11,2.3,5.65
건표고버섯볶음_건표고버섯,side dish,볶음류,37,2.03,1.99,7.51
고추잡채,side dish,볶음류,67,4.18,3.91,4.21
김치볶음_김치,side dish,볶음류,34,0.98,1.62,3.76
느타리버섯볶음_느타리버섯,side dish,볶음류,21,1.25,1.42,2.36
느타리버섯볶음_느타리버섯_채소,side dish,볶음류,20,1.32,1.1,2.87
닭모래집볶음,side dish,볶음류,72,8.19,2.28,3.82
돼지고기볶음_돼지고기,side dish,볶음류,134,9.53,7.88,6.43
돼지고기볶음_돼지고기_버섯,side dish,볶음류,102,8.41,4.87,6.51
돼지고기볶음_돼지고기_오징어,side dish,볶음류,136,8.77,8.22,6.89
돼지고기볶음_돼지고기_채소,side dish,볶음류,106,7.77,5.85,5.65
두부김치_돼지고기,side dish,볶음류,84,6.76,4.44,4.06
멸치볶음_꽈리고추,side dish,볶음류,79,8.03,2.74,5.59
멸치볶음(멸치만),side dish,볶음류,114,14.9,3.41,5.15
미역줄기볶음_미역줄기,side dish,볶음류,39,1.23,3.12,3.14
새송이버섯볶음_새송이버섯,side dish,볶음류,25,1.52,1.61,3.46
새송이버섯볶음_새송이버섯_채소,side dish,볶음류,25,1.4,1.5,3.51
소시지볶음_채소,side dish,볶음류,134,7.01,8.95,6.15
순대볶음_곱창,side dish,볶음류,115,5.45,4.74,13.19
어묵볶음_어묵,side dish,볶음류,89,5.07,2.93,11.02
어묵볶음_어묵_채소,side dish,볶음류,80,4.23,2.76,9.87
오리볶음,side dish,볶음류,171,10.47,11.27,7.3
오징어볶음_채소,side dish,볶음류,88,10.06,2.16,7.23
오징어채볶음,side dish,볶음류,164,25.48,3.41,6.56
유산슬,side dish,볶음류,71,9.09,1.96,4.84
잔멸치볶음_잔멸치,side dish,볶음류,118,14.05,3.94,5.82
잔멸치볶음_잔멸치_견과류,side dish,볶음류,163,13.61,9.76,6.13
잔멸치볶음_잔멸치_꽈리고추,side dish,볶음류,64,7.65,2.23,3.1
주꾸미볶음_채소,side dish,볶음류,74,6.94,1.91,7.99
중식잡채,side dish,볶음류,83,2.3,2.24,13.58
쫄볶이,side dish,볶음류,150,4.7,1.41,29.37
파래볶음,side dish,볶음류,53,3.28,2.88,8.21
표고버섯볶음_표고버섯,side dish,볶음류,19,1.11,1,3.47
표고버섯볶음_표고버섯_채소,side dish,볶음류,22,1.12,1.19,3.76
호박볶음_호박,side dish,볶음류,27,0.84,1.32,3.53
호박볶음_호박_채소,side dish,볶음류,34,0.86,1.96,3.68
가자미조림,side dish,조림류,62,7.9,1.37,4.41
갈치조림_무,side dish,조림류,65,6.31,2.4,4.44
감자조림,side dish,조림류,66,1.58,0.85,13.29
고등어조림_배추김치,side dish,조림류,75,6.5,3.45,4.32
고추조림_멸치,side dish,조림류,57,7.08,1.21,4.69
꽁치조림_채소,side dish,조림류,72,8.85,1.9,4.75
달걀조림,side dish,조림류,109,9.01,4.79,6.53
닭도리탕,side dish,조림류,78,6.51,3.34,5.6
버섯조림,side dish,조림류,33,2.04,0.74,6.83
연근조림,side dish,조림류,71,1.54,1.04,14.28
장조림_메추리알,side dish,조림류,96,6.62,4.94,5.61
냉이나물,side dish,나물·숙채류,33,2.4,0.86,5.44
시래기나물_간장_소금,side dish,나물·숙채류,30,0.93,1.92,2.65
유채나물_간장_소금,side dish,나물·숙채류,22,2.1,0.89,2.4
유채나물_된장,side dish,나물·숙채류,30,2.79,0.97,3.65
청경채나물,side dish,나물·숙채류,14,1.06,0.58,1.59
톳나물_두부,side dish,나물·숙채류,30,2.67,1.6,2.55
간재미회무침,side dish,생채·무침류,47,4.73,0.47,6.47
개고기무침,side dish,생채·무침류,121,7.63,8.82,3.76
곤약무침_마요네즈,side dish,생채·무침류,83,0.7,7.7,3.62
과일샐러드,side dish,생채·무침류,75,0.38,5.49,6.74
김무침,side dish,생채·무침류,83,7.92,4.04,12.69
더덕무침,side dish,생채·무침류,65,1.29,0.65,14.72
돌나물,side dish,생채·무침류,24,0.64,0.39,5.23
마늘장아찌무침,side dish,생채·무침류,99,1.88,0.7,21.85
모자반무침,side dish,생채·무침류,19,1.29,0.4,4.36
배추겉절이,side dish,생채·무침류,23,1.26,0.39,4.52
북어채무침,side dish,생채·무침류,149,23.17,2.65,7.22
샐러드_단호박,side dish,생채·무침류,128,1.23,9.49,10.28
얼갈이겉절이,side dish,생채·무침류,21,1.12,0.51,3.61
톳나물초무침,side dish,생채·무침류,19,1.11,0.37,4.78
파래무침_파래,side dish,생채·무침류,43,3.82,1.11,9.24
파래무침_파래_채소,side dish,생채·무침류,43,3.64,0.95,9.7
풋마늘무침,side dish,생채·무침류,38,1.31,0.82,8.05
곤드레밥_양념장,main dish,밥류,87,2.09,0.97,17.09
기장밥,main dish,밥류,118,2.22,0.16,25.77
보리밥,main dish,밥류,118,2.26,0.17,25.69
볶음밥_배추김치_돼지고기,main dish,밥류,116,3.68,1.98,20.24
볶음밥_배추김치_소고기,main dish,밥류,118,3.45,2.05,20.55
비빔밥_소고기_양념장,main dish,밥류,87,2.75,1.34,15.69
비빔밥_열무_양념장,main dish,밥류,114,3.35,1.28,22.08
수수밥,main dish,밥류,121,2.25,0.17,26.41
영양돌솥밥,main dish,밥류,111,2.35,0.31,23.8
율무밥,main dish,밥류,118,2.28,0.18,25.52
짜장밥,main dish,밥류,134,4,1.54,25.26
차조밥,main dish,밥류,119,2.21,0.2,25.77
콩나물밥_양념장,main dish,밥류,110,3.39,1.29,20.65
현미밥_쌀,main dish,밥류,120,2.18,0.21,26.21
흑미밥_찹쌀,main dish,밥류,118,2.14,0.16,25.8
닭죽_채소,main dish,죽 및 스프류,99,5.88,2.45,12.77
호박죽,main dish,죽 및 스프류,71,1.39,0.28,16.08
갈비탕,main dish,국 및 탕류,39,2.19,2.13,2.71
김치국_김치_콩나물,main dish,국 및 탕류,10,0.94,0.27,1.38
달걀국,main dish,국 및 탕류,16,1.53,0.68,1.01
닭고기육개장,main dish,국 및 탕류,31,3.26,1.51,1.28
닭곰탕,main dish,국 및 탕류,48,4.6,1.98,2.73
된장국_근대,main dish,국 및 탕류,12,0.9,0.34,1.71
된장국_냉이_두부,main dish,국 및 탕류,20,1.82,0.63,2
된장국_미역,main dish,국 및 탕류,12,1.21,0.42,1.43
된장국_시금치,main dish,국 및 탕류,15,1.14,0.32,2.45
된장국_시래기,main dish,국 및 탕류,17,1.09,0.6,2.33
된장국_아욱,main dish,국 및 탕류,15,1.07,0.26,2.47
된장국_얼갈이배추,main dish,국 및 탕류,13,0.94,0.45,1.72
된장국_유부,main dish,국 및 탕류,22,1.46,1.23,1.5
된장국_호박잎,main dish,국 및 탕류,17,1.33,0.37,2.54
들깨국,main dish,국 및 탕류,14,0.58,0.76,1.42
미소된장국,main dish,국 및 탕류,23,1.85,0.92,2.12
미역국_바지락,main dish,국 및 탕류,8,0.9,0.16,1.11
미역국_소고기,main dish,국 및 탕류,23,1.69,1.38,1.28
북어국_콩나물,main dish,국 및 탕류,14,2.02,0.37,0.96
삼계탕,main dish,국 및 탕류,77,6.7,3.17,5
설렁탕,main dish,국 및 탕류,41,2.65,1.24,4.43
소고기육개장,main dish,국 및 탕류,26,2.07,1.46,1.38
어묵국(어묵탕)_고춧가루 제외,main dish,국 및 탕류,25,1.69,0.58,3.44
오징어국,main dish,국 및 탕류,22,3.39,0.35,1.41
콩나물국_콩나물,main dish,국 및 탕류,7,0.83,0.2,1.01
콩나물국_콩나물_소고기,main dish,국 및 탕류,29,2.31,1.63,1.53
감자탕,main dish,찌개 및 전골류,51,3.39,2.61,3.87
김치찌개_돼지고기,main dish,찌개 및 전골류,38,3.87,1.48,2.17
김치찌개_참치,main dish,찌개 및 전골류,37,4.78,1.01,2.16
꽃게탕,main dish,찌개 및 전골류,18,2.3,0.29,1.65
순두부찌개_배추김치_돼지고기,main dish,찌개 및 전골류,29,3.55,1.02,1.55
순두부찌개_해물,main dish,찌개 및 전골류,29,4.09,0.85,1.41
청국장찌개_배추김치,main dish,찌개 및 전골류,29,2.56,0.88,2.85
추어탕,main dish,찌개 및 전골류,30,3.09,1.05,2.28
콩비지찌개,main dish,찌개 및 전골류,39,3.02,1.06,4.46
김치찜_돼지고기,main dish,찜류,82,5.8,5,3.17
깻잎찜,main dish,찜류,60,2.98,1.87,9.07
달걀찜_당근,main dish,찜류,64,5.53,3.41,2.13
달걀찜_두부,main dish,찜류,75,6.56,4.01,2.49
닭찜_간장,main dish,찜류,102,8.59,3.77,8.27
닭찜_매운양념,main dish,찜류,98,8.1,3.55,8.33
돼지갈비찜_매운양념_채소,main dish,찜류,136,9.44,7.59,7.5
돼지갈비찜_채소,main dish,찜류,139,10.26,7.97,6.28
돼지갈비찜_채소_떡,main dish,찜류,142,8.99,6.82,10.95
갈치구이,main dish,구이류,127,9.83,7.36,4.3
감자구이,main dish,구이류,76,1.23,3.48,10.05
고등어구이,main dish,구이류,202,13.37,13.22,6.25
닭구이,main dish,구이류,96,11.19,3.33,4.57
닭날개구이,main dish,구이류,129,11.25,7.25,3.84
닭다리구이,main dish,구이류,90,8.53,4.69,2.72
돼지갈비구이_간장,main dish,구이류,128,9.02,7.88,4.62
돼지불고기_간장,main dish,구이류,84,8.44,3.6,4.34
돼지불고기_고추장,main dish,구이류,90,8.36,3.85,5.65
소불고기_버섯,main dish,구이류,88,7.48,4.34,4.72
오리불고기,main dish,구이류,75,9.2,1.63,5.92
감자볶음_감자_베이컨,side dish,볶음류,50,1.72,2.45,5.37
고추장볶음,side dish,볶음류,235,8.96,4.85,43.37
낙지볶음_채소,side dish,볶음류,67,5.42,1.59,8.11
느타리버섯볶음_느타리버섯_채소,side dish,볶음류,46,1.91,3.1,4.52
닭볶음(닭갈비)_매운양념,side dish,볶음류,132,10.95,3.74,13.78
돼지고기볶음_돼지고기_배추김치,side dish,볶음류,91,7.21,5.07,3.98
돼지고기볶음_돼지고기_버섯,side dish,볶음류,121,11.58,5.1,7.51
돼지고기볶음_돼지고기_오징어,side dish,볶음류,145,11.22,7.96,7.13
돼지고기볶음_돼지고기_채소,side dish,볶음류,117,11.47,5.04,6.51
떡볶이_간장,side dish,볶음류,168,4.81,2.93,30.93
떡볶이_고추장_어묵,side dish,볶음류,154,3.65,1.46,32.47
마늘쫑볶음_건새우,side dish,볶음류,64,3.16,2.97,6.55
소고기볶음_버섯,side dish,볶음류,72,6.2,3.53,3.97
소시지볶음_채소,side dish,볶음류,138,6.54,8.32,9.03
순대볶음,side dish,볶음류,101,3.16,4.53,12.3
어묵볶음_어묵_채소,side dish,볶음류,78,3.65,3.19,8.9
오징어볶음_채소,side dish,볶음류,81,7.84,1.92,8.08
잔멸치볶음_잔멸치_견과류,side dish,볶음류,120,7.04,7.14,7.24
잔멸치볶음_잔멸치_꽈리고추,side dish,볶음류,90,7.08,3.61,7.16
잡채_돼지고기,side dish,볶음류,93,3.02,2.49,14.87
잡채_소고기,side dish,볶음류,106,2.84,3.24,16.78
고등어조림_배추김치,side dish,조림류,104,7.92,5.38,5.8
닭조림,side dish,조림류,111,10.5,3.63,8.84
두부조림,side dish,조림류,133,9.39,6.87,8.15
연근조림,side dish,조림류,76,1.32,0.98,15.97
우엉조림,side dish,조림류,104,3.69,2.98,16.51
장조림_돼지고기_메추리알,side dish,조림류,117,12.37,5.06,4.53
가지나물,side dish,나물·숙채류,34,1.24,1.54,4.34
깻잎나물_깻잎,side dish,나물·숙채류,33,2.12,1.33,4.36
배추나물_된장,side dish,나물·숙채류,31,1.67,1.28,3.68
숙주나물_숙주,side dish,나물·숙채류,21,1.23,1.3,1.77
숙주나물_숙주_채소,side dish,나물·숙채류,19,1.12,0.97,1.89
숙주미나리나물,side dish,나물·숙채류,17,1.07,0.9,1.79
시금치나물_간장_소금,side dish,나물·숙채류,27,1.58,1.31,3.09
시금치나물_고추장,side dish,나물·숙채류,35,1.71,1.13,5.81
열무나물_된장,side dish,나물·숙채류,36,2.18,1.76,3.65
참나물,side dish,나물·숙채류,17,0.75,0.81,2.02
취나물_간장_소금,side dish,나물·숙채류,25,0.97,1.15,3.42
취나물_된장,side dish,나물·숙채류,29,1.36,0.91,4.7
콩나물무침_콩나물_고춧가루,side dish,나물·숙채류,23,1.98,1.24,2.07
갑오징어무침,side dish,생채·무침류,50,5.31,0.74,5.89
골뱅이무침_채소,side dish,생채·무침류,60,5.06,0.74,9.16
골뱅이무침_채소_소면,side dish,생채·무침류,87,5.01,0.71,15.19
과일샐러드,side dish,생채·무침류,65,0.53,3.8,7.84
김무침,side dish,생채·무침류,86,7.12,6.46,8.54
느타리버섯무침,side dish,생채·무침류,39,2.16,1.52,6.75
단무지무침,side dish,생채·무침류,34,0.9,1.67,3.97
도라지생채_오이,side dish,생채·무침류,40,1.11,0.42,8.9
도라지생채_오징어채,side dish,생채·무침류,92,9.61,1.4,10.58
도토리묵무침_채소,side dish,생채·무침류,62,1.44,1.62,11.13
무생채_식초,side dish,생채·무침류,40,1.09,0.67,8.15
상추겉절이,side dish,생채·무침류,29,1.16,1.2,4.02
오이생채_오이,side dish,생채·무침류,26,1.1,0.47,5.27
오이생채_오이_달래,side dish,생채·무침류,36,1.22,0.97,6.7
오이생채_오이_부추,side dish,생채·무침류,23,1.04,0.54,4.32
오이지무침,side dish,생채·무침류,23,0.59,1.02,3.21
오징어무침_채소,side dish,생채·무침류,63,6.91,0.85,7.25
청포묵무침,side dish,생채·무침류,57,2.17,2.7,6.86
기장밥,main dish,밥류,121,2.23,0.16,26.3
돼지고기덮밥,main dish,밥류,165,7.92,2.72,26.17
보리밥,main dish,밥류,120,2.2,0.16,26.31
볶음밥_배추김치_돼지고기,main dish,밥류,113,4.05,1.83,19.46
비빔밥_돼지고기_양념장,main dish,밥류,90,3.3,1.25,16.24
비빔밥_소고기_양념장,main dish,밥류,79,2.51,1.22,14.43
비빔밥_열무_양념장,main dish,밥류,114,3.33,1.29,22.09
비빔밥_참치_양념장,main dish,밥류,83,3.31,0.66,15.66
수수밥,main dish,밥류,118,2.17,0.16,25.82
율무밥,main dish,밥류,118,2.23,0.17,25.56
짜장밥,main dish,밥류,140,4.03,1.38,26.91
차조밥,main dish,밥류,119,2.18,0.19,25.81
콩나물밥_양념장,main dish,밥류,112,3.55,1.2,21.33
현미밥_쌀,main dish,밥류,118,2.12,0.17,25.73
흑미밥,main dish,밥류,118,2.1,0.16,25.78
흑미밥_찹쌀,main dish,밥류,121,2.19,0.16,26.51
닭죽_채소,main dish,죽 및 스프류,115,6.99,2.96,14.34
김치국_김치_콩나물,main dish,국 및 탕류,12,1.09,0.31,1.65
달걀국,main dish,국 및 탕류,22,2.07,0.98,1.12
닭고기육개장,main dish,국 및 탕류,43,4.35,2.06,1.96
닭곰탕,main dish,국 및 탕류,59,5.18,2.36,4.06
된장국_근대,main dish,국 및 탕류,14,1.02,0.36,1.92
된장국_미역,main dish,국 및 탕류,16,1.35,0.61,1.72
된장국_시금치,main dish,국 및 탕류,15,1.18,0.33,2.2
된장국_시래기,main dish,국 및 탕류,17,1.14,0.5,2.39
된장국_아욱,main dish,국 및 탕류,16,1.18,0.33,2.46
된장국_얼갈이배추,main dish,국 및 탕류,14,1.02,0.42,1.76
된장국_유부,main dish,국 및 탕류,26,1.72,1.3,2.03
들깨국,main dish,국 및 탕류,15,0.68,0.77,1.68
미소된장국,main dish,국 및 탕류,26,1.99,1.18,2.35
미역국_들깨,main dish,국 및 탕류,17,0.75,1.21,1.29
미역국_소고기,main dish,국 및 탕류,23,1.84,1.54,0.67
북어국_무,main dish,국 및 탕류,18,2.23,0.48,1.07
북어국_콩나물,main dish,국 및 탕류,18,2.42,0.52,1.09
삼계탕,main dish,국 및 탕류,80,7.32,3.85,3.54
소고기육개장,main dish,국 및 탕류,32,2.59,1.68,2.09
어묵국(어묵탕)_고춧가루,main dish,국 및 탕류,30,1.93,0.69,4.31
오징어국,main dish,국 및 탕류,24,3.6,0.4,1.63
유부국,main dish,국 및 탕류,17,1.08,1.02,1.13
콩나물국_콩나물_소고기,main dish,국 및 탕류,31,2.51,1.66,1.75
콩나물국_콩나물만,main dish,국 및 탕류,7,0.85,0.23,1.01
감자탕,main dish,찌개 및 전골류,65,4.59,3.34,4.5
고추장찌개_두부,main dish,찌개 및 전골류,49,3.19,1.27,6.96
김치찌개_참치,main dish,찌개 및 전골류,36,4.61,0.98,2.28
꽃게탕,main dish,찌개 및 전골류,23,2.8,0.41,2.25
부대찌개,main dish,찌개 및 전골류,57,4.83,1.89,5.33
청국장찌개_배추김치,main dish,찌개 및 전골류,29,2.54,0.88,3.09
추어탕,main dish,찌개 및 전골류,26,2.65,0.77,2.36
김치찜_돼지고기,main dish,찜류,77,7.11,4.05,2.63
달걀찜_당근,main dish,찜류,69,6.12,3.6,2.3
닭찜_간장,main dish,찜류,109,9.2,4.31,8.11
닭찜_매운양념,main dish,찜류,114,9.11,4.73,8.71
돼지갈비찜_매운양념_채소,main dish,찜류,130,10.22,6.6,7.41
돼지갈비찜_매운양념_채소_떡,main dish,찜류,143,9.8,6.3,11.58
돼지갈비찜_채소,main dish,찜류,137,10.75,7.64,5.92
돼지갈비찜_채소_떡,main dish,찜류,143,10.28,6.66,10.12
돼지고기찜,main dish,찜류,109,10.82,3.25,8.89
가자미구이,main dish,구이류,127,14.41,6.46,1.65
갈치구이,main dish,구이류,117,9.59,6.95,3.05
감자구이,main dish,구이류,81,1.5,2.91,12.44
고등어구이,main dish,구이류,176,12.28,11.84,3.9
닭구이,main dish,구이류,110,10.59,5.71,3.31
닭날개구이,main dish,구이류,121,11.12,6.51,3.77
닭다리구이,main dish,구이류,88,8.72,4.72,2.18
돼지불고기_간장,main dish,구이류,79,8.88,2.89,4.15
돼지불고기_고추장,main dish,구이류,83,8.98,2.88,5.48
삼치구이,main dish,구이류,77,8.96,3.31,2.15
소불고기_버섯,main dish,구이류,86,8.68,3.76,4.38
오리불고기,main dish,구이류,81,9.62,1.54,7.36
감자볶음_감자_베이컨,side dish,볶음류,53,1.86,2.49,5.91
감자볶음_감자_햄,side dish,볶음류,47,2.57,1.75,5.29
고추잡채,side dish,볶음류,91,9.69,3.47,5.09
김치볶음_김치,side dish,볶음류,54,1.39,3,5.51
김치볶음_김치_참치,side dish,볶음류,57,5.95,1.75,4.28
느타리버섯볶음_느타리버섯_채소,side dish,볶음류,37,1.62,2.41,4.15
닭볶음(닭갈비)_매운양념,side dish,볶음류,131,11.24,3.98,12.54
닭볶음(닭갈비)_매운양념_치즈,side dish,볶음류,168,14.44,5.45,14.98
돼지고기볶음_돼지고기_배추김치,side dish,볶음류,94,9.13,4.38,4.14
돼지고기볶음_돼지고기_버섯,side dish,볶음류,99,11.07,3.63,5.66
돼지고기볶음_돼지고기_오징어,side dish,볶음류,94,9.21,3.88,5.65
돼지고기볶음_돼지고기_짜장,side dish,볶음류,112,12.01,4.09,6.37
돼지고기볶음_돼지고기_채소,side dish,볶음류,104,11.45,3.66,6.4
떡볶이_간장,side dish,볶음류,145,4.52,2.09,27.33
떡볶이_고추장_메추리알,side dish,볶음류,100,3.11,1.48,19.23
떡볶이_고추장_어묵,side dish,볶음류,161,3.94,1.25,34.59
미역줄기볶음_미역줄기_채소,side dish,볶음류,35,0.72,2.74,3.27
소시지볶음_채소,side dish,볶음류,134,6.8,8.34,7.71
순대볶음,side dish,볶음류,100,3.31,4.43,12.34
어묵볶음_어묵_채소,side dish,볶음류,78,3.97,2.76,9.78
오징어볶음_채소,side dish,볶음류,77,8.2,1.29,8.19
오징어채볶음,side dish,볶음류,54,6.23,1.6,3.43
잔멸치볶음_잔멸치_견과류,side dish,볶음류,147,9.77,8.68,8.17
잡채_돼지고기,side dish,볶음류,109,3.16,2.5,18.82
고등어조림_배추김치,side dish,조림류,82,6.97,3.53,5.61
꽁치조림_배추김치,side dish,조림류,81,7.25,3.25,5.52
닭도리탕,side dish,조림류,116,9.5,4.83,8.71
닭조림,side dish,조림류,121,10.53,4.92,8.29
두부조림,side dish,조림류,138,10.51,6.73,8.66
연근조림,side dish,조림류,185,5,6.46,28.37
우엉조림,side dish,조림류,120,3.76,4.88,16.45
장조림_돼지고기_메추리알,side dish,조림류,141,15.38,5.93,5.53
코다리조림_무,side dish,조림류,73,9.34,1.26,6.05
숙주나물_숙주,side dish,나물·숙채류,17,1.13,0.96,1.58
숙주나물_숙주_게맛살,side dish,나물·숙채류,28,1.84,0.9,3.71
숙주미나리나물,side dish,나물·숙채류,18,1.04,0.99,1.69
시금치나물_간장_소금,side dish,나물·숙채류,27,1.61,1.28,3.2
참나물,side dish,나물·숙채류,17,0.76,0.8,2.11
콩나물무침_콩나물_고춧가루,side dish,나물·숙채류,19,1.64,0.93,1.95
콩나물무침_콩나물_고춧가루제외,side dish,나물·숙채류,19,1.61,1.15,1.46
골뱅이무침_채소,side dish,생채·무침류,59,5.54,0.68,8.23
단무지무침,side dish,생채·무침류,33,0.82,1.27,4.78
도라지생채_오이,side dish,생채·무침류,42,1.32,0.53,9.3
도토리묵무침_채소,side dish,생채·무침류,61,1.37,1.24,11.77
돌나물,side dish,생채·무침류,42,0.96,0.92,8.47
무말랭이무침,side dish,생채·무침류,61,2,0.69,12.3
무생채_식초,side dish,생채·무침류,42,1.18,0.84,8.18
배추겉절이,side dish,생채·무침류,40,1.95,0.95,7.13
부추무침_부추_채소,side dish,생채·무침류,24,1.02,0.83,3.73
상추겉절이,side dish,생채·무침류,24,1.06,0.76,3.92
샐러드_감자,side dish,생채·무침류,163,2.76,10.17,15.64
얼갈이겉절이,side dish,생채·무침류,27,1.17,0.65,4.71
오이생채_오이,side dish,생채·무침류,32,1.32,0.54,6.66
오이생채_오이_달래,side dish,생채·무침류,28,1.22,0.45,5.72
오이생채_오이_부추,side dish,생채·무침류,48,2.13,1.09,8.93
오징어무침_채소,side dish,생채·무침류,48,5.91,0.63,4.92
청포묵무침,side dish,생채·무침류,53,1.96,2.16,7.48
기장밥,main dish,밥류,118,2.25,0.18,25.75
보리밥,main dish,밥류,118,2.2,0.18,25.78
비빔밥_열무_양념장,main dish,밥류,114,3.16,1.57,21.69
비빔밥_참치_양념장,main dish,밥류,81,3.14,0.93,14.84
수수밥,main dish,밥류,120,2.21,0.17,26.3
짜장밥,main dish,밥류,139,3.74,1.81,26.19
차조밥,main dish,밥류,119,2.19,0.22,25.73
카레라이스_돼지고기,main dish,밥류,100,2.64,1.59,18.4
콩나물밥_양념장,main dish,밥류,110,3.17,0.92,21.8
현미밥_쌀,main dish,밥류,120,2.15,0.2,26.15
흑미밥,main dish,밥류,118,2.12,0.18,25.85
닭죽_채소,main dish,죽 및 스프류,111,5.56,2.05,16.57
감자국,main dish,국 및 탕류,21,0.85,0.1,4.59
김치국_김치,main dish,국 및 탕류,12,0.67,0.15,2.15
김치국_김치_두부,main dish,국 및 탕류,18,1.52,0.59,1.86
달걀국,main dish,국 및 탕류,19,1.67,0.9,0.87
닭고기육개장,main dish,국 및 탕류,28,2.64,1.32,1.52
닭곰탕,main dish,국 및 탕류,48,4.3,1.83,3.32
된장국_근대,main dish,국 및 탕류,12,0.93,0.29,1.65
된장국_두부,main dish,국 및 탕류,26,2.29,0.99,2.14
된장국_배추,main dish,국 및 탕류,17,1.33,0.47,2.22
된장국_시금치,main dish,국 및 탕류,14,1.18,0.33,2.11
된장국_시래기,main dish,국 및 탕류,13,0.92,0.3,1.89
된장국_아욱,main dish,국 및 탕류,19,1.51,0.4,2.9
된장국_얼갈이배추,main dish,국 및 탕류,11,0.87,0.29,1.57
된장국_유부,main dish,국 및 탕류,25,1.76,1.33,1.53
들깨국,main dish,국 및 탕류,15,0.63,0.76,1.66
무국,main dish,국 및 탕류,7,0.26,0.17,1.28
미소된장국,main dish,국 및 탕류,21,1.58,0.83,2.04
미역국_소고기,main dish,국 및 탕류,17,1.45,1.05,0.7
미역국_홍합,main dish,국 및 탕류,9,1.11,0.25,0.85
미역냉국_오이_고추,main dish,국 및 탕류,14,0.6,0.19,3.11
북어국_콩나물,main dish,국 및 탕류,15,1.85,0.47,0.99
설렁탕,main dish,국 및 탕류,37,2.1,1.24,4.08
소고기육개장,main dish,국 및 탕류,25,1.91,1.41,1.49
어묵국(어묵탕)_고춧가루 제외,main dish,국 및 탕류,21,1.4,0.48,2.92
오이냉국,main dish,국 및 탕류,17,0.57,0.21,3.59
오징어국,main dish,국 및 탕류,25,3.71,0.39,1.6
콩나물국_콩나물만,main dish,국 및 탕류,7,0.79,0.22,0.95
감자탕,main dish,찌개 및 전골류,67,4.66,3.96,3.37
김치찌개_돼지고기,main dish,찌개 및 전골류,41,3.74,1.77,2.6
김치찌개_참치,main dish,찌개 및 전골류,39,4.69,1.12,2.44
부대찌개,main dish,찌개 및 전골류,68,4.83,2.79,6.12
청국장찌개_배추김치,main dish,찌개 및 전골류,28,2.53,0.68,2.93
콩비지찌개,main dish,찌개 및 전골류,41,2.7,1.15,5.17
달걀찜_당근,main dish,찜류,69,6.24,3.64,2.21
닭찜_간장,main dish,찜류,111,8.97,4.8,7.57
닭찜_매운양념,main dish,찜류,106,9.16,4.87,6.18
돼지갈비찜_채소,main dish,찜류,136,10.49,8.06,4.79
가자미구이,main dish,구이류,150,14.69,7.8,3.85
갈치구이,main dish,구이류,123,9.35,7.32,3.96
고등어구이,main dish,구이류,179,12.71,12.18,3.6
꽁치구이,main dish,구이류,196,21.64,10.1,2.81
돼지불고기_간장,main dish,구이류,85,8.75,3.5,4.3
돼지불고기_고추장,main dish,구이류,85,8.52,3.17,5.79
삼치구이,main dish,구이류,81,9.2,3.81,1.78
감자볶음_감자_당근,side dish,볶음류,52,1.06,1.98,7.66
김치볶음_김치_참치,side dish,볶음류,66,5.93,2.4,4.95
느타리버섯볶음_느타리버섯_채소,side dish,볶음류,40,1.78,2.69,4.28
닭볶음(닭갈비)_매운양념,side dish,볶음류,165,13.93,5.76,14.5
돼지고기볶음_돼지고기_배추김치,side dish,볶음류,103,9.43,4.32,6.41
돼지고기볶음_돼지고기_오징어,side dish,볶음류,113,9.89,5.36,6.49
돼지고기볶음_돼지고기_채소,side dish,볶음류,111,9.88,5.06,6.54
떡볶이_간장,side dish,볶음류,107,3.26,1.78,19.93
떡볶이_고추장_어묵,side dish,볶음류,150,3.82,1.45,31.64
마늘쫑볶음_건새우,side dish,볶음류,53,2.67,2.56,5.31
미역줄기볶음_미역줄기,side dish,볶음류,31,0.59,2.55,2.71
새송이버섯볶음_새송이버섯_채소,side dish,볶음류,32,1.44,1.95,4.13
소시지볶음_채소,side dish,볶음류,119,5.74,7.61,6.78
순대볶음,side dish,볶음류,89,2.89,4.17,10.69
순대볶음_떡,side dish,볶음류,92,2.74,3.42,13.27
어묵볶음_어묵_채소,side dish,볶음류,88,4.25,3.57,10.04
오징어볶음_채소,side dish,볶음류,82,8.49,2,7.65
잡채_돼지고기,side dish,볶음류,126,2.69,3.13,21.92
잡채_버섯,side dish,볶음류,107,0.94,2.53,20.62
햄채소볶음,side dish,볶음류,68,6.3,3.03,3.82
고등어조림_배추김치,side dish,조림류,105,9.61,4.82,5.73
꽁치조림_배추김치,side dish,조림류,88,10.29,2.52,5.79
꽁치조림_채소,side dish,조림류,88,10.59,2.6,5.36
닭도리탕,side dish,조림류,122,9.82,5.33,8.85
닭조림,side dish,조림류,117,10.45,5.42,6.4
동태조림,side dish,조림류,64,10.06,0.51,4.5
두부조림,side dish,조림류,142,11.5,6.18,10.26
연근조림,side dish,조림류,76,1.6,0.74,16.09
우엉조림,side dish,조림류,88,2.71,1.05,17.89
장조림_돼지고기_메추리알,side dish,조림류,114,11.35,5.15,4.75
가지나물,side dish,나물·숙채류,25,1.06,0.85,3.82
고구마줄기나물,side dish,나물·숙채류,22,0.56,1.13,2.45
배추나물_간장_소금,side dish,나물·숙채류,18,1.01,0.73,2.45
배추나물_된장,side dish,나물·숙채류,32,1.72,1.25,4.25
숙주나물_숙주,side dish,나물·숙채류,15,1.05,0.74,1.53
숙주나물_숙주_채소,side dish,나물·숙채류,15,0.97,0.68,1.66
숙주미나리나물,side dish,나물·숙채류,18,1.11,0.85,1.97
시금치나물_간장_소금,side dish,나물·숙채류,25,1.6,1,3.26
열무나물_된장,side dish,나물·숙채류,30,2.19,1.15,3.61
유채나물_간장_소금,side dish,나물·숙채류,22,2.1,0.82,2.68
참나물,side dish,나물·숙채류,14,0.72,0.56,1.94
취나물_간장_소금,side dish,나물·숙채류,25,1.04,1.01,3.7
골뱅이무침_채소,side dish,생채·무침류,69,5.98,0.84,10.29
단무지무침,side dish,생채·무침류,41,1.02,1.78,5.51
도라지생채_오이,side dish,생채·무침류,41,1.3,0.52,8.79
도토리묵무침_채소,side dish,생채·무침류,60,1.28,1.2,11.66
돌나물,side dish,생채·무침류,44,1.16,1.04,8.68
마늘쫑무침,side dish,생채·무침류,67,1.63,1.14,14.55
무생채_식초,side dish,생채·무침류,35,1.01,0.8,6.59
무생채(무만),side dish,생채·무침류,30,1.03,0.56,5.77
미역초무침,side dish,생채·무침류,31,1.48,0.71,6.85
부추무침_부추,side dish,생채·무침류,24,1.02,0.74,3.95
부추무침_부추_채소,side dish,생채·무침류,30,1.16,1.13,4.43
상추겉절이,side dish,생채·무침류,21,0.89,0.69,3.39
샐러드_마카로니,side dish,생채·무침류,140,2.37,8.17,13.76
샐러드_옥수수,side dish,생채·무침류,131,1.32,8.5,12.51
얼갈이겉절이,side dish,생채·무침류,25,1.14,0.71,4.09
오이생채_오이,side dish,생채·무침류,30,1.24,0.48,6.21
오이생채_오이_부추,side dish,생채·무침류,36,1.72,0.95,6.4
오이지무침,side dish,생채·무침류,28,0.76,1.09,4.3
오징어무침_채소,side dish,생채·무침류,51,5.49,0.82,5.8
오징어채무침_채소,side dish,생채·무침류,113,11.61,1.81,13.52
참나물겉절이_고춧가루,side dish,생채·무침류,18,0.74,0.6,2.91
청포묵무침,side dish,생채·무침류,43,1.3,1.68,6.54
치커리겉절이,side dish,생채·무침류,22,0.72,0.73,3.51
파래무침_파래_무,side dish,생채·무침류,23,1.07,0.38,4.86
